page,category,rule_type,value
1,2025,other,2026.0
2,©1987,other,2025.0
2,The Paymaster 2025,other,26.0
2,© 1987,other,2025.0
2,Phone,other,818.955.6000
3,©1987,other,2025.0
3,The Paymaster 2025,other,26.0
3,The downloadable PDF of the 2025,other,2026.0
4,©1987,other,2025.0
4,The Paymaster 2025,other,26.0
4,Phone,other,800.955.4878
4,Phone,other,800.955.4878
4,Phone,other,877.437.8734
4,Fax,other,818.688.3139
4,Phone,other,818.955.6065
4,Fax,other,818.688.3859
5,©1987,other,2025.0
5,The Paymaster 2025,other,26.0
5,PAYMASTER 2025,other,2026.0
6,©1987,other,2025.0
6,The Paymaster 2025,other,26.0
6,PAYMASTER 2025,other,2026.0
7,©1987,other,2025.0
7,The Paymaster 2025,other,26.0
8,©1987,other,2025.0
8,The Paymaster 2025,other,26.0
8,"Supplemental Plan, but the Director shall receive credit in the Basic Plan (DGA Article 12",other,202.0
8,"year, and the UPM or AD shall receive credit in the Basic Plan for both years. (DGA Article 12",other,202.0
8,"**** Or $5.00 per day, whichever is greater (DGA Article 12",other,301.0
8,# Tape Agreement: Prime Time Dramatic Programs,other,4.0
8,subject to the same ceilings and exceptions provided in Paragraph 12,other,202.0
8,PPL1,other,0.5
8,PENS,other,300000.0
8,H/W,other,400000.0
8,PPL1,other,0.5
8,PPL1,other,0.5
8,PH&W,other,170000.0
8,PPL1,other,0.5
8,PH&W,other,225000.0
8,PPL1,other,0.5
8,PH&W,other,300000.0
8,PPL1,other,0.5
8,PENS,other,250000.0
8,H/W,other,250000.0
8,PPL1,other,0.5
8,PENS,other,250000.0
8,H/W,other,250000.0
9,©1987,other,2025.0
9,The Paymaster 2025,other,26.0
9,Sec. 4,other,102.0
10,©1987,other,2025.0
10,The Paymaster 2025,other,26.0
10,Article 10,other,110.0
10,employed (including programs defined in Paragraph 10,other,103.0
10,weekly rate for each day so employed. Preparation time shall be determined in accordance with paragraph 4,other,102.0
10,shall be in accordance with Paragraph 4,other,107.0
11,©1987,other,2025.0
11,The Paymaster 2025,other,26.0
11,1,other,1.0
11,1,other,1.0
12,©1987,other,2025.0
12,The Paymaster 2025,other,26.0
13,©1987,other,2025.0
13,The Paymaster 2025,other,26.0
13,Daily Salary,other,1.0
13,Daily Production Fee,other,1.0
13,"NOTE:  Except on Distant Location, if a UPM, Assistant Director or Associate Director starts work on or before 9",other,0.0
13,7,other,30.0
14,©1987,other,2025.0
14,The Paymaster 2025,other,26.0
14,NOTE,other,1.0
15,©1987,other,2025.0
15,The Paymaster 2025,other,26.0
15,14 hrs worked and past 1,other,0.0
16,©1987,other,2025.0
16,The Paymaster 2025,other,26.0
16,"Multi-camera prime time dramatic pilots, presentations, and series (Section 24",other,405.0
17,©1987,other,2025.0
17,The Paymaster 2025,other,26.0
17,TRAINEE (Section 14,other,103.0
17,54 cumulative hours. Minimum call,other,8.0
18,©1987,other,2025.0
18,The Paymaster 2025,other,26.0
18,Daily Salary,other,1.0
18,Daily Production Fee,other,1.0
19,©1987,other,2025.0
19,The Paymaster 2025,other,26.0
19,holiday pay paid at 50% of the rates specified in Paragraph 13,holiday_bonus,115.0
19,will be paid at 2% instead of the 4% rate specified in Paragraph 13,other,601.0
20,©1987,other,2025.0
20,The Paymaster 2025,other,26.0
20,0,other,15.0
20,16,other,30.0
20,31,other,60.0
20,61,other,90.0
20,91,other,120.0
21,©1987,other,2025.0
21,The Paymaster 2025,other,26.0
21,0,other,15.0
21,16,other,30.0
21,31,other,60.0
21,61,other,90.0
21,0,other,30.0
21,31,other,60.0
21,61,other,90.0
22,©1987,other,2025.0
22,The Paymaster 2025,other,26.0
22,0,other,15.0
22,16,other,30.0
23,©1987,other,2025.0
23,The Paymaster 2025,other,26.0
23,* Studio Workweek,other,5.0
24,©1987,other,2025.0
24,The Paymaster 2025,other,26.0
24,Rest Period,other,9.0
25,©1987,other,2025.0
25,The Paymaster 2025,other,26.0
26,©1987,other,2025.0
26,The Paymaster 2025,other,26.0
27,©1987,other,2025.0
27,The Paymaster 2025,other,26.0
27,Rest Period,other,9.0
28,©1987,other,2025.0
28,The Paymaster 2025,other,26.0
29,©1987,other,2025.0
29,The Paymaster 2025,other,26.0
30,©1987,other,2025.0
30,The Paymaster 2025,other,26.0
31,©1987,other,2025.0
31,The Paymaster 2025,other,26.0
31,program episode,other,30.0
32,©1987,other,2025.0
32,The Paymaster 2025,other,26.0
32,11/09/23,other,6.0
32,07/01/24,other,6.0
32,07/01/25,other,6.0
33,©1987,other,2025.0
33,The Paymaster 2025,other,26.0
33,11/09/23,other,6.0
33,07/01/24,other,6.0
33,07/01/25,other,6.0
34,©1987,other,2025.0
34,The Paymaster 2025,other,26.0
34,11/09/23,other,6.0
34,07/01/24,other,6.0
34,07/01/25,other,6.0
35,©1987,other,2025.0
35,The Paymaster 2025,other,26.0
35,11/09/23,other,6.0
35,07/01/24,other,6.0
35,07/01/25,other,6.0
36,©1987,other,2025.0
36,The Paymaster 2025,other,26.0
36,11/09/23,other,6.0
36,07/01/24,other,6.0
36,07/01/25,other,6.0
36,Groups 3,other,8.0
36,Mouthing 1,other,16.0
36,Groups 3,other,8.0
37,©1987,other,2025.0
37,The Paymaster 2025,other,26.0
37,11/09/23,other,6.0
37,07/01/24,other,6.0
37,07/01/25,other,6.0
37,Groups 3,other,8.0
37,"""Step Out"" (per day",other,16.0
37,Contractor 3,other,8.0
37,3,other,8.0
37,3,other,8.0
38,©1987,other,2025.0
38,The Paymaster 2025,other,26.0
38,11/09/23,other,6.0
38,07/01/24,other,6.0
38,07/01/25,other,6.0
39,©1987,other,2025.0
39,The Paymaster 2025,other,26.0
39,11/09/2023,other,6.0
39,11/09/23,other,6.0
39,7/01/24,other,6.0
39,07/01/25,other,6.0
40,©1987,other,2025.0
40,The Paymaster 2025,other,26.0
41,©1987,other,2025.0
41,The Paymaster 2025,other,26.0
42,©1987,other,2025.0
42,The Paymaster 2025,other,26.0
42,Worked between 8,other,0.0
42,4 hours or less worked,other,1.0
42,Over 4 hours worked,other,1.0
43,©1987,other,2025.0
43,The Paymaster 2025,other,26.0
44,©1987,other,2025.0
44,The Paymaster 2025,other,26.0
44,Worked between 8,other,0.0
45,©1987,other,2025.0
45,The Paymaster 2025,other,26.0
46,©1987,other,2025.0
46,The Paymaster 2025,other,26.0
46,4 hours or less worked,other,1.0
46,Over 4 hours worked,other,1.0
46,"as an additional day. For this purpose, night work is defined as a call for 4",other,0.0
47,©1987,other,2025.0
47,The Paymaster 2025,other,26.0
47,4 days,other,32.0
47,5 days,other,40.0
47,Overtime money break,overtime_rate,3150.0
48,©1987,other,2025.0
48,The Paymaster 2025,other,26.0
49,©1987,other,2025.0
49,The Paymaster 2025,other,26.0
50,©1987,other,2025.0
50,The Paymaster 2025,other,26.0
50,4 hours or less worked,other,1.0
50,Over 4 hours worked,other,1.0
50,"as an additional day. For this purpose, night work is defined as a call for 4",other,0.0
51,©1987,other,2025.0
51,The Paymaster 2025,other,26.0
52,©1987,other,2025.0
52,The Paymaster 2025,other,26.0
53,©1987,other,2025.0
53,The Paymaster 2025,other,26.0
54,©1987,other,2025.0
54,The Paymaster 2025,other,26.0
55,©1987,other,2025.0
55,The Paymaster 2025,other,26.0
56,©1987,other,2025.0
56,The Paymaster 2025,other,26.0
57,©1987,other,2025.0
57,The Paymaster 2025,other,26.0
58,©1987,other,2025.0
58,The Paymaster 2025,other,26.0
59,©1987,other,2025.0
59,The Paymaster 2025,other,26.0
59,"required to work at not, and is not dismissed by  9",other,30.0
60,©1987,other,2025.0
60,The Paymaster 2025,other,26.0
60,Groups,other,3.0
61,©1987,other,2025.0
61,The Paymaster 2025,other,26.0
62,©1987,other,2025.0
62,The Paymaster 2025,other,26.0
63,©1987,other,2025.0
63,The Paymaster 2025,other,26.0
63,All Performers except Stunt Coordinators,other,125.0
64,©1987,other,2025.0
64,The Paymaster 2025,other,26.0
64,Meal Penalty,meal_penalty,25.0
64,Penalty,other,1.0
65,©1987,other,2025.0
65,The Paymaster 2025,other,26.0
66,©1987,other,2025.0
66,The Paymaster 2025,other,26.0
67,©1987,other,2025.0
67,The Paymaster 2025,other,26.0
68,©1987,other,2025.0
68,The Paymaster 2025,other,26.0
68,Groups 3,other,8.0
68,Mouthing 1,other,16.0
68,Groups 3,other,8.0
69,©1987,other,2025.0
69,The Paymaster 2025,other,26.0
69,Groups 3,other,8.0
69,Contractor of Group 3,other,8.0
69,Groups 3,other,8.0
69,Groups 3,other,8.0
69,Beginners,other,0.0
70,©1987,other,2025.0
70,The Paymaster 2025,other,26.0
71,©1987,other,2025.0
71,The Paymaster 2025,other,26.0
71,Groups 3,other,8.0
72,©1987,other,2025.0
72,The Paymaster 2025,other,26.0
73,©1987,other,2025.0
73,The Paymaster 2025,other,26.0
73,8 Mile Zone,other,8.0
73,75 Mile Zone,other,8.0
73,300 Miles Zone,other,75.0
74,©1987,other,2025.0
74,The Paymaster 2025,other,26.0
74,Between 8,other,0.0
74,any other payment for work performed during these hours.  Between 1,other,0.0
75,©1987,other,2025.0
75,The Paymaster 2025,other,26.0
75,SAG Per Diem on location,per_diem,16.0
76,©1987,other,2025.0
76,The Paymaster 2025,other,26.0
77,©1987,other,2025.0
77,The Paymaster 2025,other,26.0
78,©1987,other,2025.0
78,The Paymaster 2025,other,26.0
79,©1987,other,2025.0
79,The Paymaster 2025,other,26.0
80,©1987,other,2025.0
80,The Paymaster 2025,other,26.0
81,©1987,other,2025.0
81,The Paymaster 2025,other,26.0
81,background before 6,other,0.0
82,©1987,other,2025.0
82,The Paymaster 2025,other,26.0
83,©1987,other,2025.0
83,The Paymaster 2025,other,26.0
84,©1987,other,2025.0
84,The Paymaster 2025,other,26.0
85,©1987,other,2025.0
85,The Paymaster 2025,other,26.0
86,©1987,other,2025.0
86,The Paymaster 2025,other,26.0
86,Television,other,120.0
87,©1987,other,2025.0
87,The Paymaster 2025,other,26.0
88,©1987,other,2025.0
88,The Paymaster 2025,other,26.0
89,©1987,other,2025.0
89,The Paymaster 2025,other,26.0
89,First Draft,other,60.0
89,Story,other,30.0
89,Teleplay First Draft,other,40.0
90,©1987,other,2025.0
90,The Paymaster 2025,other,26.0
91,©1987,other,2025.0
91,The Paymaster 2025,other,26.0
92,©1987,other,2025.0
92,The Paymaster 2025,other,26.0
93,©1987,other,2025.0
93,The Paymaster 2025,other,26.0
94,©1987,other,2025.0
94,The Paymaster 2025,other,26.0
95,©1987,other,2025.0
95,The Paymaster 2025,other,26.0
96,©1987,other,2025.0
96,The Paymaster 2025,other,26.0
96,First Draft,other,60.0
96,Story,other,30.0
96,Teleplay First Draft,other,40.0
97,©1987,other,2025.0
97,The Paymaster 2025,other,26.0
98,©1987,other,2025.0
98,The Paymaster 2025,other,26.0
99,©1987,other,2025.0
99,The Paymaster 2025,other,26.0
100,©1987,other,2025.0
100,The Paymaster 2025,other,26.0
101,©1987,other,2025.0
101,The Paymaster 2025,other,26.0
102,©1987,other,2025.0
102,The Paymaster 2025,other,26.0
102,**** For Non-Affiliate accountants employed by “Non,other,15.0
102,***** For Non-Affiliate accountants who are employed by “Non,other,15.0
103,©1987,other,2025.0
103,The Paymaster 2025,other,26.0
104,©1987,other,2025.0
104,The Paymaster 2025,other,26.0
105,©1987,other,2025.0
105,The Paymaster 2025,other,26.0
106,©1987,other,2025.0
106,The Paymaster 2025,other,26.0
107,©1987,other,2025.0
107,The Paymaster 2025,other,26.0
108,©1987,other,2025.0
108,The Paymaster 2025,other,26.0
109,©1987,other,2025.0
109,The Paymaster 2025,other,26.0
110,©1987,other,2025.0
110,The Paymaster 2025,other,26.0
111,©1987,other,2025.0
111,The Paymaster 2025,other,26.0
112,©1987,other,2025.0
112,The Paymaster 2025,other,26.0
113,©1987,other,2025.0
113,The Paymaster 2025,other,26.0
113,Minimum Call,other,9.0
114,©1987,other,2025.0
114,The Paymaster 2025,other,26.0
114,Minimum Call,other,9.0
115,©1987,other,2025.0
115,The Paymaster 2025,other,26.0
116,©1987,other,2025.0
116,The Paymaster 2025,other,26.0
116,Off Production employees called to work between 6,other,0.0
116,8,other,0.0
116,called to work between 4,other,0.0
117,©1987,other,2025.0
117,The Paymaster 2025,other,26.0
117,7 Days,other,2.0
117,Gold (12+ Elapsed),other,4.0
117,Gold (15+ Elapsed),other,6.0
117,On Call/Weekly,other,1.0
118,©1987,other,2025.0
118,The Paymaster 2025,other,26.0
118,Minimum Call,other,8.0
119,©1987,other,2025.0
119,The Paymaster 2025,other,26.0
120,©1987,other,2025.0
120,The Paymaster 2025,other,26.0
120,1/12 of the weekly rate (6th day,other,7.0
120,7 Days,other,2.0
120,Gold (14+ Elapsed),other,4.0
120,On Call/Weekly,other,1.0
121,©1987,other,2025.0
121,The Paymaster 2025,other,26.0
121,Minimum Call,other,9.0
121,Schedule B,other,1.0
122,©1987,other,2025.0
122,The Paymaster 2025,other,26.0
123,©1987,other,2025.0
123,The Paymaster 2025,other,26.0
124,©1987,other,2025.0
124,The Paymaster 2025,other,26.0
124,Schedule B,other,11.0
125,©1987,other,2025.0
125,The Paymaster 2025,other,26.0
125,Off Production employees called to work between 6,other,0.0
125,8,other,0.0
125,called to work between 4,other,0.0
126,©1987,other,2025.0
126,The Paymaster 2025,other,26.0
126,7 Days,other,2.0
126,Gold (12+ Elapsed),other,4.0
126,Gold (15+ Elapsed),other,6.0
126,On Call/Weekly,other,1.0
127,©1987,other,2025.0
127,The Paymaster 2025,other,26.0
127,Minimum Call,other,8.0
128,©1987,other,2025.0
128,The Paymaster 2025,other,26.0
129,©1987,other,2025.0
129,The Paymaster 2025,other,26.0
129,Schedule B,other,11.0
130,©1987,other,2025.0
130,The Paymaster 2025,other,26.0
130,1/12 of the weekly rate (6th day,other,7.0
130,7 Days,other,2.0
130,Gold (14+ Elapsed),other,4.0
130,On Call/Weekly,other,1.0
131,©1987,other,2025.0
131,The Paymaster 2025,other,26.0
131,Schedule A,other,1.0
131,Schedule B,other,13.0
131,Schedule C,other,113.0
131,and C,other,1.0
131,Schedule A,other,2.0
131,Schedule B,other,23.0
132,©1987,other,2025.0
132,The Paymaster 2025,other,26.0
132,"1 Employment under Schedules C, C",other,1.0
132,call of seven (7) hours for Schedule B,other,1.0
133,©1987,other,2025.0
133,The Paymaster 2025,other,26.0
134,©1987,other,2025.0
134,The Paymaster 2025,other,26.0
134,7 days,other,2.0
134,Gold (12+ Elapsed),other,4.0
134,Gold (15+ Elapsed),other,6.0
134,Weekly,other,1.0
135,©1987,other,2025.0
135,The Paymaster 2025,other,26.0
135,Schedule A,other,1.0
135,Schedule B,other,14.0
135,Schedule C,other,124.0
135,and C,other,1.0
135,"2 Employment under Schedules C, C",other,1.0
136,©1987,other,2025.0
136,The Paymaster 2025,other,26.0
137,©1987,other,2025.0
137,The Paymaster 2025,other,26.0
137,7 days,other,2.0
137,Gold (14+),other,4.0
137,Weekly,other,1.0
138,©1987,other,2025.0
138,The Paymaster 2025,other,26.0
139,©1987,other,2025.0
139,The Paymaster 2025,other,26.0
140,©1987,other,2025.0
140,The Paymaster 2025,other,26.0
140,7 Days,other,2.0
140,On Call/Weekly,other,1.0
141,©1987,other,2025.0
141,The Paymaster 2025,other,26.0
142,©1987,other,2025.0
142,The Paymaster 2025,other,26.0
142,1/12 of the distant location on-call weekly rate; 6th day,other,7.0
142,7 Days,other,2.0
142,On Call/Weekly,other,1.0
143,©1987,other,2025.0
143,The Paymaster 2025,other,26.0
144,©1987,other,2025.0
144,The Paymaster 2025,other,26.0
144,Schedule A,other,1.0
144,Y,other,1.0
144,Y,other,1.0
144,Y,other,3.0
144,Y,other,3.0
144,Daily Employees,other,1.5
144,Y,other,4.0
144,Y,other,4.0
144,Y,other,6.0
144,Y,other,6.0
144,Y,other,7.0
144,Y,other,7.0
144,Y,other,7.0
144,Y,other,7.0
144,A,other,2.0
144,Y,other,8.0
144,Y,other,8.0
144,Y,other,9.0
144,Y,other,9.0
144,Y,other,13.0
144,Y,other,13.0
144,Y,other,16.0
144,Y,other,16.0
145,©1987,other,2025.0
145,The Paymaster 2025,other,26.0
145,Schedule B,other,16.0
145,Y,other,1.0
145,Y,other,1.0
145,Y,other,3.0
145,Y,other,3.0
145,Schedule B,other,27.0
145,Y,other,4.0
145,Y,other,4.0
145,Y,other,6.0
145,Y,other,6.0
145,Y,other,7.0
145,Y,other,7.0
145,Y,other,7.0
145,Y,other,7.0
145,A,other,2.0
145,Y,other,8.0
145,Y,other,8.0
145,Y,other,9.0
145,Y,other,9.0
145,Y,other,13.0
145,Y,other,13.0
146,©1987,other,2025.0
146,The Paymaster 2025,other,26.0
146,2 Y,other,1.0
146,"Supervising Engineer (Entry Level), Schedule E weekly ""On Call"" rate",other,3279.55
146,paid at the Y,other,7.0
146,interchangeable on the same basis as any other Y,other,7.0
146,"5 The Audio Utility Person (sometimes also referred to as ""Audio Assist"" or ""A",other,2.0
146,6 All Schedule B,other,1.0
146,"guarantee has been fulfilled, employment may be continued at Schedule B",other,1.0
146,a) Employees under Schedule B,other,2.0
147,©1987,other,2025.0
147,The Paymaster 2025,other,26.0
147,40 hrs. – weekly emp.; Y4,other,13.0
148,©1987,other,2025.0
148,The Paymaster 2025,other,26.0
148,40 hrs. – weekly emp.; Y4,other,13.0
148,8,other,0.0
148,1,other,0.0
149,©1987,other,2025.0
149,The Paymaster 2025,other,26.0
149,7 Days,other,2.0
149,Gold (12+ Elapsed),other,4.0
149,Gold (15+ Elapsed),other,6.0
149,On Call/Weekly,other,1.0
150,©1987,other,2025.0
150,The Paymaster 2025,other,26.0
150,Schedule A,other,1.0
150,Y,other,1.0
150,Y,other,1.0
150,Y,other,3.0
150,Y,other,3.0
150,Daily Employees,other,1.5
150,Y,other,4.0
150,Y,other,4.0
150,Y,other,6.0
150,Y,other,6.0
150,Y,other,7.0
150,Y,other,7.0
150,Y,other,7.0
150,Y,other,7.0
150,Y,other,8.0
150,Y,other,8.0
150,Y,other,9.0
150,Y,other,9.0
150,Y,other,13.0
150,Y,other,13.0
150,Y,other,16.0
150,Y,other,16.0
151,©1987,other,2025.0
151,The Paymaster 2025,other,26.0
151,Schedule B,other,14.0
151,Y,other,1.0
151,Y,other,1.0
151,Y,other,3.0
151,Y,other,3.0
151,Schedule B,other,25.0
151,Y,other,4.0
151,Y,other,4.0
151,Y,other,6.0
151,Y,other,6.0
151,Y,other,7.0
151,Y,other,7.0
151,Y,other,7.0
151,Y,other,7.0
151,A,other,2.0
151,Y,other,8.0
151,Y,other,8.0
151,Y,other,9.0
151,Y,other,9.0
151,Y,other,13.0
152,©1987,other,2025.0
152,The Paymaster 2025,other,26.0
152,2 Y,other,1.0
152,"Supervising Engineer (Entry Level), Schedule E weekly ""On Call"" rate",other,3279.55
152,4 All Schedule B,other,1.0
152,"guarantee has been fulfilled, employment may be continued at Schedule B",other,1.0
153,©1987,other,2025.0
153,The Paymaster 2025,other,26.0
153,1/12 of the distant location on-call weekly rate.; 6th day,other,7.0
153,hrs.; 7th day,other,8.0
153,7 Days,other,2.0
153,Gold (14+ Elapsed),other,4.0
153,On Call/Weekly,other,1.0
154,©1987,other,2025.0
154,The Paymaster 2025,other,26.0
154,Schedule A,other,2.0
154,Schedule B,other,36.0
154,Schedule C,other,1.0
154,Schedule B,other,4.0
155,©1987,other,2025.0
155,The Paymaster 2025,other,26.0
155,a) Weekly Projection Employees - Employees under Schedule B,other,3.0
156,©1987,other,2025.0
156,The Paymaster 2025,other,26.0
156,8,other,0.0
156,1,other,0.0
157,©1987,other,2025.0
157,The Paymaster 2025,other,26.0
157,7 Days,other,2.0
157,Gold (12+ Elapsed),other,4.0
157,Gold (15+ Elapsed),other,6.0
157,On Call/Weekly,other,1.0
158,©1987,other,2025.0
158,The Paymaster 2025,other,26.0
158,Schedule A,other,2.0
158,Schedule B,other,36.0
158,Schedule C,other,1.0
158,Schedule B,other,4.0
159,©1987,other,2025.0
159,The Paymaster 2025,other,26.0
160,©1987,other,2025.0
160,The Paymaster 2025,other,26.0
160,1/12 of the distant location on-call weekly rate.; 6th day,other,7.0
160,7th day,other,8.0
160,7 Days,other,2.0
160,Gold (14+ Elapsed),other,4.0
160,On Call/Weekly,other,1.0
161,©1987,other,2025.0
161,The Paymaster 2025,other,26.0
161,Schedule A,other,11.0
161,Schedule C,other,1.0
161,Schedule D,other,1.0
161,Z,other,1.0
161,Z,other,1.0
161,Z,other,1.0
161,Z,other,1.0
161,Z,other,4.0
161,Z,other,4.0
161,Z,other,8.0
161,Schedule A,other,21.0
161,Schedule E,other,1.0
161,Z,other,7.0
162,©1987,other,2025.0
162,The Paymaster 2025,other,26.0
162,Schedule A,other,21.0
162,Schedule B,other,14.0
162,Schedule C,other,2.0
162,Schedule F,other,15.0
162,Z,other,5.0
162,Z,other,5.0
162,Z,other,5.0
162,Z,other,5.0
162,Z,other,5.0
162,Z,other,5.0
162,Z,other,5.0
162,Z,other,5.0
162,Z,other,6.0
162,Z,other,6.0
162,Z,other,6.0
162,Z,other,9.0
162,Z,other,10.0
162,Z,other,10.0
162,Z,other,10.0
162,Schedule A,other,3.0
162,Schedule B,other,2.0
162,Schedule C,other,3.0
162,Schedule F,other,2.0
162,Z,other,11.0
162,Z,other,11.0
162,Z,other,11.0
162,Z,other,11.0
163,©1987,other,2025.0
163,The Paymaster 2025,other,26.0
163,Schedule A,other,4.0
163,Schedule B,other,37.0
163,Weekly Guar,other,48.6
163,Min. Call,other,8.0
163,Y,other,1.0
163,Y,other,1.0
163,Y,other,3.0
163,Y,other,3.0
163,Schedule A,other,5.0
163,Schedule B,other,41213.0
163,Weekly Guar.,other,48.6
163,5 consec. days; Min. Call,other,8.0
163,Y,other,4.0
163,Y,other,4.0
163,Y,other,7.0
163,Y,other,7.0
163,Y,other,7.0
163,Y,other,7.0
163,Y,other,8.0
163,Y,other,8.0
163,Y,other,9.0
163,Y,other,9.0
164,©1987,other,2025.0
164,The Paymaster 2025,other,26.0
164,Schedule A,other,5.0
164,Schedule B,other,41213.0
164,Weekly Guar.,other,48.6
164,5 consec. days; Min. Call,other,8.0
164,Y,other,16.0
164,Y,other,16.0
164,Schedule B,other,5.0
164,1 Employees may be employed under Schedule A,other,1.0
164,formerly employed. Employees may also be employed under Schedule A,other,1.0
164,"Except as provided above, employment under Schedule A",other,1.0
164,shall immediately notify the Union of its intention to employ a Schedule A,other,1.0
164,2 Z,other,1.0
164,D,other,1.0
165,©1987,other,2025.0
165,The Paymaster 2025,other,26.0
165,4 Schedule B,other,1.0
165,Employees in Classifications Z,other,5.0
165,a) For determining the appropriate Service Bracket of employees in classifications Z,other,5.0
165,b) The minimum rate of pay of employees in classifications Z,other,5.0
165,"Editor, as the case may be, shall be paid the rates set forth in Schedule F",other,1.0
165,6 Weekly Guarantee,other,45.0
165,7 All Schedule B,other,3.0
165,"this minimum guarantee has been fulfilled, employment may be continued at Schedule B",other,3.0
165,"percent (15%): Effective August 4, 2024 through August 2, 2025, Schedule A",other,4.0
165,"per week); effective August 3, 2025 through August 1, 2026, Schedule A",other,4.0
165,"week); and effective August 2, 2026 through July 31, 2027, Schedule A",other,4.0
165,"fifteen percent (15%): Effective August 4, 2024 through August 2, 2025, Schedule A",other,4.0
165,"($3,967.22 per week); effective August 3, 2025 through August 1, 2026, Schedule A",other,4.0
165,"($4,125.65 per week); and effective August 2, 2026 through July 31, 2027, Schedule A",other,4.0
166,©1987,other,2025.0
166,The Paymaster 2025,other,26.0
166,11Y,other,1.0
166,Y,other,1.0
166,a) Employees under Schedule B,other,4.0
167,©1987,other,2025.0
167,The Paymaster 2025,other,26.0
167,8 hrs. – daily emp.; Sch A,other,1.0
167,After 8 hrs. and/or 40 hrs. – daily emp ; Sch A,other,1.0
167,A,other,2.0
167,9 hrs. – daily emp.; Sch A,other,3.0
167,After 9 hrs. – daily emp.; Sch A,other,3.0
167,40 hrs. – weekly emp.; Sch E,other,1.0
167,After 40 hrs. – weekly emp.; Sch E,other,1.0
167,40 hrs. – weekly emp.; Sch B,other,1.0
167,After 40 hrs. – weekly emp.; Sch B,other,1.0
167,40 hrs. – weekly emp.; Sch C,other,2.0
167,After 40 hrs. – weekly emp.; Sch C,other,2.0
167,48.6 hrs. – weekly emp.; Sch C,other,1.0
167,48.6 hrs. – weekly emp.; Sch C,other,1.0
167,8 hrs. – daily emp.; Sch A,other,1.0
167,After 8 hrs. and/or 40 hrs. – daily emp ; Sch A,other,1.0
167,A,other,2.0
167,9 hrs. – daily emp.; Sch A,other,3.0
167,After 9 hrs. – daily emp.; Sch A,other,3.0
167,40 hrs. – weekly emp.; Sch E,other,1.0
167,After 40 hrs. – weekly emp.; Sch E,other,1.0
167,40 hrs. – weekly emp.; Sch B,other,1.0
167,After 40 hrs. – weekly emp.; Sch B,other,1.0
167,40 hrs. – weekly emp.; Sch C,other,2.0
167,After 40 hrs. – weekly emp.; Sch C,other,2.0
167,48.6 hrs. – weekly emp.; Sch C,other,1.0
167,48.6 hrs. – weekly emp.; Sch C,other,1.0
168,©1987,other,2025.0
168,The Paymaster 2025,other,26.0
168,8 hrs. – daily emp.; Sch A,other,1.0
168,After 8 hrs. and/or 40 hrs. – daily emp ; Sch A,other,1.0
168,A,other,2.0
168,9 hrs. – daily emp.; Sch A,other,3.0
168,After 9 hrs. – daily emp.; Sch A,other,3.0
168,40 hrs. – weekly emp.; Sch E,other,1.0
168,After 40 hrs. – weekly emp.; Sch E,other,1.0
168,40 hrs. – weekly emp.; Sch B,other,1.0
168,After 40 hrs. – weekly emp.; Sch B,other,1.0
168,40 hrs. – weekly emp.; Sch C,other,2.0
168,After 40 hrs. – weekly emp.; Sch C,other,2.0
168,48.6 hrs. – weekly emp.; Sch C,other,1.0
168,48.6 hrs. – weekly emp.; Sch C,other,1.0
168,8,other,0.0
168,1,other,0.0
169,©1987,other,2025.0
169,The Paymaster 2025,other,26.0
169,*For Z,other,1.0
169,7 Days,other,2.0
169,Gold (12+ Elapsed),other,4.0
169,Gold (15+ Elapsed),other,6.0
169,On Call/Weekly,other,1.0
170,©1987,other,2025.0
170,The Paymaster 2025,other,26.0
171,©1987,other,2025.0
171,The Paymaster 2025,other,26.0
171,Schedule F,other,1.0
171,Sched A,other,1.0
171,Schedule B,other,1.0
171,Schedule C,other,1.0
171,D,other,16.0
171,Z,other,1.0
171,Z,other,5.0
171,Z,other,5.0
171,Z,other,5.0
171,Z,other,5.0
171,Z,other,5.0
171,Z,other,5.0
171,Z,other,5.0
171,Z,other,5.0
171,Z,other,6.0
171,Z,other,6.0
171,Z,other,6.0
171,Z,other,9.0
171,Z,other,10.0
171,Z,other,10.0
171,Z,other,10.0
172,©1987,other,2025.0
172,The Paymaster 2025,other,26.0
172,Schedule F,other,2.0
172,Schedule A,other,2.0
172,Schedule B,other,2.0
172,Schedule C,other,2.0
172,Wkly Guar.,other,57.0
172,Min. Call,other,8.0
172,Min. Call,other,8.0
172,Min. Call,other,8.0
172,Z,other,11.0
172,Z,other,11.0
172,Z,other,11.0
172,Z,other,11.0
172,Schedule A,other,3.0
172,Schedule B,other,37.0
172,Weekly Guarantee,other,54.0
172,Y,other,1.0
172,Y,other,1.0
172,Y,other,3.0
172,Y,other,3.0
173,©1987,other,2025.0
173,The Paymaster 2025,other,26.0
173,Schedule A,other,4.0
173,Schedule B,other,411.0
173,Y,other,4.0
173,Y,other,4.0
173,Y,other,7.0
173,Y,other,7.0
173,Y,other,7.0
173,Y,other,7.0
173,Y,other,8.0
173,Y,other,8.0
173,Y,other,9.0
173,Y,other,9.0
173,Schedule B,other,5.0
173,"Editor, as the case may be, shall be paid the rates set forth in Schedule F",other,1.0
174,©1987,other,2025.0
174,The Paymaster 2025,other,26.0
174,2 Employees may be employed under Schedule A,other,1.0
174,formerly employed. Employees may also be employed under Schedule A,other,1.0
174,"Except as provided above, employment under Schedule A",other,1.0
174,immediately notify the Union of its intention to employ a Schedule A,other,1.0
174,4 Schedule B,other,1.0
174,Employees in Classifications Z,other,5.0
174,a) For determining the appropriate Service Bracket of employees in classifications Z,other,5.0
174,b) The minimum rate of pay of employees in classifications Z,other,5.0
174,5 Z,other,1.0
174,7 All Schedule B,other,3.0
174,"this minimum guarantee has been fulfilled, employment may be continued at Schedule B",other,3.0
175,©1987,other,2025.0
175,The Paymaster 2025,other,26.0
175,"percent (15%): Effective August 4, 2024 through August 2, 2025, Schedule A",other,3.0
175,"per week); effective August 3, 2025 through August 1, 2026, Schedule A",other,3.0
175,"week); and effective August 2, 2026 through July 31, 2027, Schedule A",other,3.0
175,"fifteen percent (15%): Effective August 4, 2024 through August 2, 2025, Schedule A",other,3.0
175,"($4,408.02 per week); effective August 3, 2025 through August 1, 2026, Schedule A",other,3.0
175,"($4,584.06 per week); and effective August 2, 2026 through July 31, 2027, Schedule A",other,3.0
175,10 Y,other,1.0
175,Y,other,1.0
175,a) Employees under Schedule B,other,3.0
176,©1987,other,2025.0
176,The Paymaster 2025,other,26.0
176,8 hrs. and/or 40 hrs. – daily emp.; Sch A,other,1.0
176,After 8 hrs. and/or 40 hrs. – daily emp.; Sch A,other,1.0
176,9 hrs. – daily emp.; Sch A,other,2.0
176,After 9 hrs. – daily emp; Sch A,other,2.0
176,40 hrs. – weekly emp.; Sch B,other,1.0
176,After 40 hrs. – weekly emp.; Sch B,other,1.0
176,54 hrs. – weekly emp.; Sch F,other,1.0
176,After 54 hrs. – weekly emp.; Sch F,other,1.0
176,1/12 of the distant location on-call weekly rate.; 6th day,other,7.0
176,hrs.; 7th day,other,8.0
177,©1987,other,2025.0
177,The Paymaster 2025,other,26.0
177,7 Days,other,2.0
177,Gold (12+),other,4.0
177,On Call/Weekly,other,1.0
178,©1987,other,2025.0
178,The Paymaster 2025,other,26.0
178,Schedule A,other,11.0
178,Sched E,other,1.0
178,Weekly Guar,other,43.2
178,Weekly Guar,other,48.6
178,Z,other,1.0
178,Z,other,2.0
178,Z,other,3.0
178,Z,other,4.0
178,Z,other,4.0
178,Z,other,5.0
178,Z,other,6.0
178,Z,other,7.0
178,Z,other,8.0
178,Z,other,9.0
178,Schedule A,other,2.0
178,Z,other,11.0
179,©1987,other,2025.0
179,The Paymaster 2025,other,26.0
179,Schedule A,other,3.0
179,Schedule B,other,17.0
179,Weekly Guar,other,48.6
179,48.6; Min. Call,other,8.0
179,Y,other,1.0
179,Y,other,1.0
179,Y,other,3.0
179,Y,other,3.0
179,Schedule A,other,4.0
179,Schedule B,other,212.0
179,Weekly Guar,other,48.6
179,Y,other,4.0
179,Y,other,4.0
179,Y,other,7.0
179,Y,other,7.0
179,Y,other,7.0
179,Y,other,7.0
179,Y,other,8.0
179,Y,other,8.0
179,Y,other,9.0
179,Y,other,9.0
180,©1987,other,2025.0
180,The Paymaster 2025,other,26.0
180,paid at the rate under which he (they) was (were) formerly employed. Employees may also be employed under Schedule A-I or A,other,2.0
180,Schedule A,other,4.0
180,Schedule B,other,212.0
180,Weekly Guar,other,48.6
180,Y,other,16.0
180,Y,other,16.0
180,Schedule B,other,5.0
180,Weekly Guar.,other,50.0
180,Min. Call,other,8.0
181,©1987,other,2025.0
181,The Paymaster 2025,other,26.0
181,"3 Editors (Z-I, Occ. Code No. .4121 and ""On Call"") shall not be transferred between Schedule D-l and Schedule B",other,1.0
181,4 Head Librarian Z,other,4.0
181,"Occ. .Code No. 4190, Schedule C",other,1.0
181,6 Weekly guarantee,other,40.0
181,7 All Schedule B and B,other,1.0
181,"has been fulfilled, employment may be continued at Schedule B and B",other,1.0
181,"Effective August 1, 2024 through August 3, 2024, Schedule A",other,3.0
181,"2024 through August 2, 2025, Schedule A",other,3.0
181,"1, 2026, Schedule A",other,3.0
181,A,other,3.0
181,"(15%): Effective August 1, 2024 through August 3, 2024, Schedule A",other,3.0
181,"August 4, 2024 through August 2, 2025, Schedule A",other,3.0
181,"through August 1, 2026, Schedule A",other,3.0
181,"2027, Schedule A",other,3.0
181,11 Y,other,1.0
181,"1, 2026, $3,748.64 per week; effective August 2, 2026 through July 31, 2027, $3,879.84 per week. Y",other,1.0
181,"(Entry Level), Schedule E",other,2.0
181,12 Schedule B,other,3.0
181,guarantees) with time and one-half (1,other,1.0
182,©1987,other,2025.0
182,The Paymaster 2025,other,26.0
182,8 hrs. – daily emp.; Sch A,other,1.0
182,After 8 hrs. and/or 40 hrs. – daily emp.; Sch A,other,1.0
182,9 hrs. – daily emp.; Sch A,other,2.0
182,After 9 hrs. – daily emp.; Sch A,other,2.0
182,8 hrs. – daily emp.; Sch A,other,1.0
182,After 8 hrs. and/or 40 hrs. – daily emp.; Sch A,other,1.0
182,9 hrs. – daily emp.; Sch A,other,2.0
182,After 9 hrs. – daily emp.; Sch A,other,2.0
183,©1987,other,2025.0
183,The Paymaster 2025,other,26.0
183,8 hrs. – daily emp.; Sch A,other,1.0
183,After 8 hrs. and/or 40 hrs. – daily emp.; Sch A,other,1.0
183,9 hrs. – daily emp.; Sch A,other,2.0
183,After 9 hrs. – daily emp.; Sch A,other,2.0
183,8,other,0.0
183,1,other,0.0
184,©1987,other,2025.0
184,The Paymaster 2025,other,26.0
184,7 Days,other,2.0
184,Gold (12+ Elapsed),other,4.0
184,Gold (15+ Elapsed),other,6.0
184,On Call/Weekly,other,1.0
185,©1987,other,2025.0
185,The Paymaster 2025,other,26.0
185,Schedule A,other,11.0
185,Z,other,1.0
185,Z,other,8.0
185,Z,other,8.0
185,Z,other,4.0
185,Z,other,5.0
185,Z,other,6.0
185,Z,other,2.0
185,Z,other,3.0
185,Schedule A,other,2.0
185,Z,other,11.0
186,©1987,other,2025.0
186,The Paymaster 2025,other,26.0
186,Schedule A,other,3.0
186,Schedule B,other,14.0
186,Weekly Guar,other,54.0
186,Y,other,1.0
186,Y,other,1.0
186,Y,other,3.0
186,Y,other,3.0
186,Schedule A,other,4.0
186,Schedule B,other,28.0
186,Y,other,4.0
186,Y,other,4.0
186,Y,other,7.0
186,Y,other,7.0
186,Y,other,7.0
186,Y,other,7.0
186,Y,other,8.0
186,Y,other,8.0
186,Y,other,9.0
186,Y,other,9.0
187,©1987,other,2025.0
187,The Paymaster 2025,other,26.0
187,Schedule A,other,4.0
187,Schedule B,other,28.0
187,Schedule B,other,5.0
187,1 Employees may be employed under Schedule A,other,1.0
187,"Except as provided above, employment under Schedule A",other,1.0
187,union of its intention to employ a Schedule A,other,1.0
187,(6) day workweek and not less than one and one-half (1,other,1.0
187,4 All Schedule B,other,2.0
187,"guarantee has been fulfilled, employment may be continued at Schedule B",other,2.0
187,"Effective August 1, 2024 through August 3, 2024, Schedule A",other,3.0
187,"2024 through August 2, 2025, Schedule A",other,3.0
187,"1, 2026, Schedule A",other,3.0
187,A,other,3.0
187,"(15%): Effective August 1, 2024 through August 3, 2024, Schedule A",other,3.0
187,"August 4, 2024 through August 2, 2025, Schedule A",other,3.0
187,"through August 1, 2026, Schedule A",other,3.0
187,"2027, Schedule A",other,3.0
188,©1987,other,2025.0
188,The Paymaster 2025,other,26.0
188,7Y,other,1.0
188,Y,other,1.0
188,(a) Employees under Schedule B,other,3.0
188,workweek and not less than one and one-half (1,other,1.0
189,©1987,other,2025.0
189,The Paymaster 2025,other,26.0
189,8 hrs. and/or 40 hrs. – daily emp.; Sch A,other,1.0
189,After 8 hrs. and/or 40 hrs. – daily emp.; Sch A,other,1.0
189,9 hrs. – daily emp.; Sch A,other,2.0
189,After 9 hrs. – daily emp.; Sch A,other,2.0
189,1/12 of the distant location on-call weekly rate.; 6th day,other,7.0
189,hrs.; 7th day,other,8.0
190,©1987,other,2025.0
190,The Paymaster 2025,other,26.0
190,7 Days,other,2.0
190,Gold (12+),other,4.0
190,On Call/Weekly,other,1.0
191,©1987,other,2025.0
191,The Paymaster 2025,other,26.0
192,©1987,other,2025.0
192,The Paymaster 2025,other,26.0
193,©1987,other,2025.0
193,The Paymaster 2025,other,26.0
193,7 Days,other,2.0
193,Gold (12+),other,4.0
193,Gold (15+),other,6.0
194,©1987,other,2025.0
194,The Paymaster 2025,other,26.0
194,Schedule B,other,11.0
195,©1987,other,2025.0
195,The Paymaster 2025,other,26.0
195,Schedule B,other,11.0
195,801,other,1600.0
195,1601,other,2400.0
195,2401,other,3200.0
196,©1987,other,2025.0
196,The Paymaster 2025,other,26.0
197,©1987,other,2025.0
197,The Paymaster 2025,other,26.0
197,8,other,0.0
197,1,other,0.0
198,©1987,other,2025.0
198,The Paymaster 2025,other,26.0
198,7 Days,other,2.0
198,Gold (12+ Elapsed),other,4.0
198,Gold (15+ Elapsed),other,6.0
198,On Call/Weekly,other,1.0
199,©1987,other,2025.0
199,The Paymaster 2025,other,26.0
199,Schedule B,other,11.0
200,©1987,other,2025.0
200,The Paymaster 2025,other,26.0
200,Schedule B,other,11.0
201,©1987,other,2025.0
201,The Paymaster 2025,other,26.0
201,1/12 of the distant location on-call weekly rate; 6th day,other,7.0
201,7th day,other,8.0
201,7 Days,other,2.0
201,Gold (14+ Elapsed),other,4.0
201,On Call/Weekly,other,1.0
202,©1987,other,2025.0
202,The Paymaster 2025,other,26.0
202,Schedule B,other,16.0
202,Schedule B,other,2.0
203,©1987,other,2025.0
203,The Paymaster 2025,other,26.0
203,"previous day, continue to work past 1",other,0.0
203,"any event, an employee hired under the ""On Call"" schedule who does not so work past 1",other,0.0
203,reason of work between 12,other,0.0
203,6 Schedule B,other,1.0
204,©1987,other,2025.0
204,The Paymaster 2025,other,26.0
205,©1987,other,2025.0
205,The Paymaster 2025,other,26.0
205,7 Days,other,2.0
205,Gold (12+ Elapsed),other,4.0
205,Gold (15+ Elapsed),other,6.0
205,On Call/Weekly,other,1.0
206,©1987,other,2025.0
206,The Paymaster 2025,other,26.0
207,©1987,other,2025.0
207,The Paymaster 2025,other,26.0
208,©1987,other,2025.0
208,The Paymaster 2025,other,26.0
208,1/12 of the distant location on-call weekly rate; 6th day,other,7.0
208,day,other,8.0
209,©1987,other,2025.0
209,The Paymaster 2025,other,26.0
209,7 Days,other,2.0
209,Gold (14+ Elapsed),other,4.0
209,On Call/Weekly,other,1.0
210,©1987,other,2025.0
210,The Paymaster 2025,other,26.0
210,Minimum Call,other,9.0
210,.362,other,14.0
211,©1987,other,2025.0
211,The Paymaster 2025,other,26.0
211,Off Production employees called to work between 6,other,0.0
211,8,other,0.0
211,called to work between 4,other,0.0
212,©1987,other,2025.0
212,The Paymaster 2025,other,26.0
212,7 Days,other,2.0
212,Gold (12+ Elapsed),other,4.0
212,Gold (15+ Elapsed),other,6.0
212,On Call/Weekly,other,1.0
212,7 Days,other,2.0
212,Gold (12+),other,4.0
212,On Call/Weekly,other,1.0
213,©1987,other,2025.0
213,The Paymaster 2025,other,26.0
214,©1987,other,2025.0
214,The Paymaster 2025,other,26.0
214,Minimum Call,other,8.0
214,.362,other,14.0
215,©1987,other,2025.0
215,The Paymaster 2025,other,26.0
215,1/12 of the weekly rate (6th day,other,7.0
215,7 Days,other,2.0
215,Gold (14+ Elapsed),other,4.0
215,On Call/Weekly,other,1.0
216,©1987,other,2025.0
216,The Paymaster 2025,other,26.0
217,©1987,other,2025.0
217,The Paymaster 2025,other,26.0
218,©1987,other,2025.0
218,The Paymaster 2025,other,26.0
218,Off Production employees called to work between 6,other,0.0
218,8,other,0.0
218,called to work between 4,other,0.0
219,©1987,other,2025.0
219,The Paymaster 2025,other,26.0
219,7 Days,other,2.0
219,Gold (12+ Elapsed),other,4.0
219,Gold (15+ Elapsed),other,6.0
219,On Call/Weekly,other,1.0
220,©1987,other,2025.0
220,The Paymaster 2025,other,26.0
221,©1987,other,2025.0
221,The Paymaster 2025,other,26.0
221,1/12 of the weekly rate (6th day,other,7.0
221,7 Days,other,2.0
221,Gold (14+ Elapsed),other,4.0
221,On Call/Weekly,other,1.0
222,©1987,other,2025.0
222,The Paymaster 2025,other,26.0
222,Schedule B,other,1.0
223,©1987,other,2025.0
223,The Paymaster 2025,other,26.0
224,©1987,other,2025.0
224,The Paymaster 2025,other,26.0
224,Off Production employees called to work between 6,other,0.0
224,8,other,0.0
224,called to work between 4,other,0.0
225,©1987,other,2025.0
225,The Paymaster 2025,other,26.0
225,7 Days,other,2.0
225,Gold (12+ Elapsed),other,4.0
225,Gold (15+ Elapsed),other,6.0
225,On Call/Weekly,other,1.0
225,"3 full days’ notice shall be given (e.g., notice at 9",other,0.0
226,©1987,other,2025.0
226,The Paymaster 2025,other,26.0
227,©1987,other,2025.0
227,The Paymaster 2025,other,26.0
227,Schedule B,other,1.0
228,©1987,other,2025.0
228,The Paymaster 2025,other,26.0
228,1/12 of the distant location on-call weekly rate.; 6th day,other,7.0
228,pension hrs.; 7th day,other,8.0
228,7 Days,other,2.0
228,Gold (14+ Elapsed),other,4.0
228,On Call/Weekly,other,1.0
228,"3 full days’ notice shall be given (e.g., notice at 9",other,0.0
229,©1987,other,2025.0
229,The Paymaster 2025,other,26.0
230,©1987,other,2025.0
230,The Paymaster 2025,other,26.0
231,©1987,other,2025.0
231,The Paymaster 2025,other,26.0
231,Off Production employees called to work between 6,other,0.0
231,8,other,0.0
231,called to work between 4,other,0.0
232,©1987,other,2025.0
232,The Paymaster 2025,other,26.0
232,7 Days,other,2.0
232,Gold (12+ Elapsed),other,4.0
232,Gold (15+ Elapsed),other,6.0
232,On Call/Weekly,other,1.0
233,©1987,other,2025.0
233,The Paymaster 2025,other,26.0
233,1/12 day pay at contract wage rate scale; 6th day,other,7.0
233,hrs.; 7th day,other,8.0
233,7 Days,other,2.0
233,Gold (14+ Elapsed),other,4.0
233,On Call/Weekly,other,1.0
234,©1987,other,2025.0
234,The Paymaster 2025,other,26.0
234,"previous day, continue to work past 1",other,0.0
234,"any event, an employee hired under the ""On Call"" Schedule who does not so work past 1",other,0.0
234,of work between 12,other,0.0
235,©1987,other,2025.0
235,The Paymaster 2025,other,26.0
235,7 days,other,2.0
235,On Call/Weekly,other,1.0
235,"day of layoff being counted as a day of notice, provided notice is given by 12",other,0.0
236,©1987,other,2025.0
236,The Paymaster 2025,other,26.0
237,©1987,other,2025.0
237,The Paymaster 2025,other,26.0
237,1/12 of the standard minimum on-call weekly rate; 6th day,other,7.0
237,day,other,8.0
237,7 Days,other,2.0
237,On Call/Weekly,other,1.0
238,©1987,other,2025.0
238,The Paymaster 2025,other,26.0
239,©1987,other,2025.0
239,The Paymaster 2025,other,26.0
240,©1987,other,2025.0
240,The Paymaster 2025,other,26.0
240,Off Production employees called to work between 6,other,0.0
240,8,other,0.0
240,called to work between 4,other,0.0
241,©1987,other,2025.0
241,The Paymaster 2025,other,26.0
241,7 Days,other,2.0
241,Gold (12+ Elapsed),other,4.0
241,Gold (15+ Elapsed),other,6.0
241,On Call/Weekly,other,1.0
242,©1987,other,2025.0
242,The Paymaster 2025,other,26.0
242,1/12 of the distant location on-call weekly rate; 6th day,other,7.0
242,pension hrs.; 7th day,other,8.0
242,7 Days,other,2.0
242,Gold (14+ Elapsed),other,4.0
242,On Call/Weekly,other,1.0
243,©1987,other,2025.0
243,The Paymaster 2025,other,26.0
243,21,other,12.0
243,21,other,32.0
243,21,other,42.0
243,21,other,52.0
243,21,other,501.0
243,21,other,501.0
243,21,other,502.0
243,21,other,505.0
243,21,other,22.0
243,21,other,25.0
243,21,other,23.0
243,21,other,22.0
243,21,other,25.0
243,"series over 7 minutes in length, or a 20",other,35.0
243,21,other,2.0
243,21,other,25.0
243,21,other,11.0
243,21,other,1.0
243,21,other,1.0
243,21,other,11.0
243,21,other,27.0
243,21,other,27.0
243,21,other,29.0
243,21,other,0.0
243,21,other,0.0
244,©1987,other,2025.0
244,The Paymaster 2025,other,26.0
244,21,other,112.0
244,21,other,102.0
244,21,other,122.0
244,21,other,132.0
244,21,other,142.0
244,21,other,142.0
244,21,other,143.0
244,21,other,152.0
244,21,other,152.0
244,21,other,153.0
244,21,other,154.0
244,21,other,202.0
244,21,other,232.0
244,21,other,232.0
244,21,other,233.0
244,21,other,322.0
244,21,other,322.0
244,21,other,323.0
244,21,other,332.0
244,21,other,331.0
244,21,other,332.0
244,21,other,333.0
244,21,other,334.0
244,21,other,335.0
244,21,other,335.0
244,21,other,336.0
244,21,other,337.0
244,21,other,338.0
244,21,other,613.0
244,21,other,252.0
244,21,other,252.0
244,21,other,253.0
244,21,other,254.0
244,21,other,255.0
244,21,other,256.0
245,©1987,other,2025.0
245,The Paymaster 2025,other,26.0
245,21,other,412.0
245,21,other,412.0
245,21,other,413.0
245,21,other,414.0
245,21,other,422.0
245,21,other,422.0
245,21,other,423.0
245,21,other,424.0
245,21,other,425.0
245,21,other,442.0
245,21,other,442.0
245,21,other,443.0
245,21,other,452.0
245,21,other,452.0
245,21,other,453.0
245,21,other,453.0
245,21,other,500.0
245,21,other,498.0
245,21,other,499.0
245,21,other,500.0
245,21,other,522.0
245,21,other,522.0
245,21,other,523.0
245,21,other,524.0
245,21,other,525.0
245,21,other,542.0
245,21,other,542.0
245,21,other,543.0
245,21,other,544.0
245,21,other,552.0
245,21,other,562.0
245,21,other,562.0
245,21,other,563.0
245,21,other,572.0
245,21,other,572.0
245,21,other,573.0
245,21,other,574.0
245,21,other,632.0
245,21,other,630.0
245,21,other,631.0
245,21,other,632.0
245,21,other,633.0
246,©1987,other,2025.0
246,The Paymaster 2025,other,26.0
246,21,other,652.0
246,21,other,652.0
246,21,other,653.0
246,21,other,654.0
246,21,other,672.0
246,21,other,672.0
246,21,other,673.0
246,21,other,682.0
246,21,other,682.0
246,21,other,683.0
246,21,other,684.0
246,21,other,692.0
246,21,other,692.0
246,21,other,693.0
246,21,other,694.0
246,21,other,722.0
246,21,other,722.0
246,21,other,723.0
246,21,other,742.0
246,21,other,742.0
246,21,other,743.0
246,21,other,792.0
246,21,other,792.0
246,21,other,793.0
246,21,other,794.0
246,21,other,222.0
246,21,other,222.0
246,21,other,223.0
246,21,other,224.0
247,©1987,other,2025.0
247,The Paymaster 2025,other,26.0
247,Minimum guarantee,other,40.0
248,©1987,other,2025.0
248,The Paymaster 2025,other,26.0
249,©1987,other,2025.0
249,The Paymaster 2025,other,26.0
249,Daily,other,6.0
249,Weekly,other,54.0
249,Daily,other,6.0
249,Weekly,other,54.0
250,©1987,other,2025.0
250,The Paymaster 2025,other,26.0
250,7 Days,other,2.0
250,Gold (12+ Elapsed),other,4.0
250,Gold (15+ Elapsed),other,6.0
250,On Call/Weekly,other,1.0
251,©1987,other,2025.0
251,The Paymaster 2025,other,26.0
252,©1987,other,2025.0
252,The Paymaster 2025,other,26.0
252,Daily,other,6.0
252,Weekly,other,60.0
252,1/12 of the distant location on-call weekly rate; 6th day,other,7.0
252,hrs.; 7th day,other,8.0
252,7 Days,other,2.0
252,Gold (14+ Elapsed),other,4.0
252,On Call/Weekly,other,1.0
253,©1987,other,2025.0
253,The Paymaster 2025,other,26.0
254,©1987,other,2025.0
254,The Paymaster 2025,other,26.0
255,©1987,other,2025.0
255,The Paymaster 2025,other,26.0
256,©1987,other,2025.0
256,The Paymaster 2025,other,26.0
257,©1987,other,2025.0
257,The Paymaster 2025,other,26.0
258,©1987,other,2025.0
258,The Paymaster 2025,other,26.0
258,On Call/Weekly,other,2.0
258,On Call/Weekly,other,1.0
258,On Call/Weekly,other,2.0
258,On Call/Weekly,other,1.0
259,©1987,other,2025.0
259,The Paymaster 2025,other,26.0
260,©1987,other,2025.0
260,The Paymaster 2025,other,26.0
260,On call,other,2.0
260,Hourly Gold (12+ Worked),other,2.0
260,Gold (15+ Elapsed),other,3.0
261,©1987,other,2025.0
261,The Paymaster 2025,other,26.0
261,1/12 of the weekly rate (6th day,other,7.0
261,On call,other,2.0
261,Hourly Gold (12+ Worked),other,2.0
261,Gold (15+ Elapsed),other,3.0
261,On-Call/Weekly,other,1.0
262,©1987,other,2025.0
262,The Paymaster 2025,other,26.0
263,©1987,other,2025.0
263,The Paymaster 2025,other,26.0
263,Season 2 of any Series,other,2.0
263,Hourly,other,2.0
264,©1987,other,2025.0
264,The Paymaster 2025,other,26.0
264,"previous day, continue to work past 1",other,0.0
264,"employee hired under the ""On Call"" schedule who does not so work past 1",other,0.0
264,12,other,0.0
264,"** Rates include Vacation at 4%, Holiday at 4.583%, Pension and Health at $14.8875/hr for non",holiday_bonus,15.0
265,©1987,other,2025.0
265,The Paymaster 2025,other,26.0
266,©1987,other,2025.0
266,The Paymaster 2025,other,26.0
266,7 Days,other,2.0
266,Gold (12+ Elapsed),other,4.0
266,Gold (15+ Elapsed),other,6.0
266,On Call/Weekly,other,1.0
267,©1987,other,2025.0
267,The Paymaster 2025,other,26.0
267,"** Rates include Vacation at 4%, Holiday at 4.583%, Pension and Health at $14.8875/hr for non",holiday_bonus,15.0
268,©1987,other,2025.0
268,The Paymaster 2025,other,26.0
268,1/10 day pay at contract wage rate scale; 6th day,other,7.0
268,day,other,8.0
268,7 Days,other,2.0
268,Gold (14+),other,4.0
268,On Call/Weekly,other,1.0
269,©1987,other,2025.0
269,The Paymaster 2025,other,26.0
269,Schedule B,other,11.0
269,Schedule A,other,1.0
269,to work past 1,other,0.0
269,past 1,other,0.0
269,such day by reason of work between 12,other,0.0
270,©1987,other,2025.0
270,The Paymaster 2025,other,26.0
271,©1987,other,2025.0
271,The Paymaster 2025,other,26.0
271,Off Production employees called to work between 6,other,0.0
271,8,other,0.0
271,called to work between 4,other,0.0
272,©1987,other,2025.0
272,The Paymaster 2025,other,26.0
272,7 Days,other,2.0
272,Gold (12+ Elapsed),other,4.0
272,Gold (15+ Elapsed),other,6.0
272,On Call/Weekly,other,1.0
273,©1987,other,2025.0
273,The Paymaster 2025,other,26.0
274,©1987,other,2025.0
274,The Paymaster 2025,other,26.0
274,1/12 of the distant location on-call weekly rate; 6th day,other,7.0
274,day,other,8.0
275,©1987,other,2025.0
275,The Paymaster 2025,other,26.0
275,7 Days,other,2.0
275,Gold (14+),other,4.0
275,On Call/Weekly,other,1.0
276,©1987,other,2025.0
276,The Paymaster 2025,other,26.0
276,Basic,other,3.0
277,©1987,other,2025.0
277,The Paymaster 2025,other,26.0
277,Basic,other,3.0
278,©1987,other,2025.0
278,The Paymaster 2025,other,26.0
278,Basic,other,3.0
279,©1987,other,2025.0
279,The Paymaster 2025,other,26.0
279,Basic,other,3.0
280,©1987,other,2025.0
280,The Paymaster 2025,other,26.0
280,Basic,other,3.0
281,©1987,other,2025.0
281,The Paymaster 2025,other,26.0
281,Basic,other,3.0
282,©1987,other,2025.0
282,The Paymaster 2025,other,26.0
283,©1987,other,2025.0
283,The Paymaster 2025,other,26.0
284,©1987,other,2025.0
284,The Paymaster 2025,other,26.0
284,8,other,0.0
284,Midnight and 7,other,0.0
285,©1987,other,2025.0
285,The Paymaster 2025,other,26.0
285,Worked,other,2.0
285,Gold (12+ Elapsed),other,4.0
285,Gold (15+ Elapsed),other,6.0
285,On Call/Weekly,other,1.0
286,©1987,other,2025.0
286,The Paymaster 2025,other,26.0
286,Minimum Call,other,4.0
287,©1987,other,2025.0
287,The Paymaster 2025,other,26.0
288,©1987,other,2025.0
288,The Paymaster 2025,other,26.0
288,"1 For the purpose of this Agreement, ""prime time"" shall be defined as the hours between 8",other,0.0
288,and between the hours of 7,other,0.0
289,©1987,other,2025.0
289,The Paymaster 2025,other,26.0
290,©1987,other,2025.0
290,The Paymaster 2025,other,26.0
291,©1987,other,2025.0
291,The Paymaster 2025,other,26.0
291,Schedule B,other,1.0
291,Digital,other,3.0
291,Schedule B,other,2.0
291,Schedule B,other,3.0
291,Schedule B,other,1.0
291,Digital,other,3.0
292,©1987,other,2025.0
292,The Paymaster 2025,other,26.0
292,Schedule B,other,1.0
292,Digital,other,3.0
292,Digital,other,3.0
292,Schedule A,other,1.0
292,Schedule C,other,1.0
292,Digital,other,3.0
292,Digital,other,3.0
292,Schedule B,other,4.0
292,Digital,other,3.0
293,©1987,other,2025.0
293,The Paymaster 2025,other,26.0
293,Schedule A,other,1.0
293,Schedule B,other,2.0
293,Digital,other,3.0
293,Digital,other,3.0
293,Digital,other,3.0
293,Digital,other,3.0
293,Schedule G Weekly Employees: Weekly Guar.,other,45.0
293,Digital,other,3.0
293,Schedule A,other,1.0
293,Digital,other,3.0
293,Schedule F,other,1.0
293,Digital,other,3.0
293,Schedule G,other,1.0
293,Digital,other,3.0
293,Schedule A,other,2.0
293,Schedule B,other,2.0
293,Digital,other,3.0
293,Digital,other,3.0
294,©1987,other,2025.0
294,The Paymaster 2025,other,26.0
294,(Journeyperson) Y,other,1.0
294,(Entry Level) Y,other,1.0
294,(Journeyperson) Y,other,3.0
294,(Entry Level) Y,other,3.0
294,Schedule A,other,3.0
294,Digital,other,3.0
294,Schedule C,other,2.0
294,Digital,other,3.0
294,Schedule A,other,4.0
294,Schedule C,other,2.0
294,Digital,other,3.0
294,Digital,other,3.0
294,(Journeyperson) Y,other,4.0
294,Level) Y,other,4.0
294,(Journeyperson) Y,other,6.0
294,(Entry Level) Y,other,6.0
294,(Journeyperson) Y,other,7.0
294,(Entry Level) Y,other,7.0
294,(Journeyperson) Y,other,7.0
294,(Entry Level) Y,other,7.0
294,Operator A,other,2.0
294,(Journeyperson) Y,other,8.0
294,(Entry Level) Y,other,8.0
294,(Journeyperson) Y,other,9.0
295,©1987,other,2025.0
295,The Paymaster 2025,other,26.0
295,Schedule A,other,4.0
295,Schedule C,other,2.0
295,Digital,other,3.0
295,Digital,other,3.0
295,(Entry Level) Y,other,9.0
295,(Journeyperson) Y,other,13.0
295,(Entry Level) Y,other,13.0
295,Y,other,16.0
295,Y,other,16.0
296,©1987,other,2025.0
296,The Paymaster 2025,other,26.0
297,©1987,other,2025.0
297,The Paymaster 2025,other,26.0
298,©1987,other,2025.0
298,The Paymaster 2025,other,26.0
299,©1987,other,2025.0
299,The Paymaster 2025,other,26.0
300,©1987,other,2025.0
300,The Paymaster 2025,other,26.0
301,©1987,other,2025.0
301,The Paymaster 2025,other,26.0
301,Editor Feature Z,other,1.0
301,Editor Feature Z,other,1.0
301,Editor Feature Z,other,1.0
301,Supervising Sound Editor Z,other,4.0
301,Head Music Film Editor Z,other,4.0
301,Sound Effects Editor 1st 6 mos Z,other,5.0
301,Sound Effects Editor 1st 6 mos Z,other,5.0
301,Sound Effects Ed. 2nd 6 mos Z,other,5.0
301,Sound Effects Ed. 2nd 6 mos Z,other,5.0
301,Sound Effects Editor thereafter Z,other,5.0
301,Sound Effects Editor thereafter Z,other,5.0
301,Sound Effects Editor thereafter Z,other,5.0
301,Sound Effects Editor thereafter Z,other,5.0
301,Sound Effects Editor thereafter Z,other,5.0
301,Foley Artist 1st 6 months Z,other,11.0
301,Foley Artist 1st 6 months Z,other,11.0
301,Foley Artist 2nd 6 months Z,other,11.0
301,Foley Artist 2nd 6 months Z,other,11.0
301,Foley Artist Thereafter Z,other,11.0
301,Foley Artist Thereafter Z,other,11.0
301,Foley Artist Thereafter Z,other,11.0
301,Foley Artist Thereafter Z,other,11.0
301,Foley Artist Thereafter Z,other,11.0
301,Music Film Editor 1st 6 months Z,other,5.0
301,Music Film Editor 1st 6 months Z,other,5.0
301,Music Film Editor 2nd 6 months Z,other,5.0
301,Music Film Editor 2nd 6 months Z,other,5.0
302,©1987,other,2025.0
302,The Paymaster 2025,other,26.0
302,Music Film Editor thereafter Z,other,5.0
302,Music Film Editor thereafter Z,other,5.0
302,Music Film Editor thereafter Z,other,5.0
302,Music Film Editor thereafter Z,other,5.0
302,Music Film Editor thereafter Z,other,5.0
302,Assistant Editor 1st 6 mos Z,other,6.0
302,Assistant Editor 1st 6 mos Z,other,6.0
302,Assistant Editor 2nd 6 mos Z,other,6.0
302,Assistant Editor 2nd 6 mos Z,other,6.0
302,Assistant Editor thereafter Z,other,6.0
302,Assistant Editor thereafter Z,other,6.0
302,Apprentice Editor Z,other,7.0
302,Apprentice Editor Z,other,7.0
302,Head Librarian Z,other,8.0
302,Supervising Librarian Z,other,9.0
302,Supervising Librarian Z,other,9.0
302,Librarian1st 6 months Z,other,10.0
302,Librarian1st 6 months Z,other,10.0
302,Librarian 2nd 6 months Z,other,10.0
302,Librarian 2nd 6 months Z,other,10.0
302,Librarian thereafter Z,other,10.0
302,Librarian thereafter Z,other,10.0
303,©1987,other,2025.0
303,The Paymaster 2025,other,26.0
303,Journeyperson Music Mixer Y,other,1.0
303,Journeyperson Music Mixer Y,other,1.0
303,Journeyperson Re-Recording Mixer Y,other,1.0
303,Journeyperson Re-Recording Mixer Y,other,1.0
303,Journeyperson Supervising Engineer Y,other,3.0
303,Journeyperson Supervising Engineer Y,other,3.0
303,Journeyperson Engineer (Sound) Y,other,4.0
303,Journeyperson Engineer (Sound) Y,other,4.0
303,Journeyperson Service Recorder Y,other,7.0
303,Journeyperson Service Recorder Y,other,7.0
303,Journeyperson Utility Sound Tech Y,other,7.0
303,Journeyperson Utility Sound Tech Y,other,7.0
303,Journeyperson Micro. Boom Operator Y,other,8.0
303,Journeyperson Micro. Boom Operator Y,other,8.0
303,Journeyperson Record. Mach Operator Y,other,9.0
303,Journeyperson Record. Mach Operator Y,other,9.0
303,Entry Level Music Mixer Y,other,1.0
303,Entry Level Music Mixer Y,other,1.0
303,Entry Level Re-Recording Mixer Y,other,1.0
303,Entry Level Re-Recording Mixer Y,other,1.0
303,Entry Level Supervising Engineer Y,other,3.0
303,Entry Level Supervising Engineer Y,other,3.0
303,Entry Level Engineer (Sound) Y,other,4.0
303,Entry Level Engineer (Sound) Y,other,4.0
303,Entry Level Service Recorder Y,other,7.0
303,Entry Level Service Recorder Y,other,7.0
303,Entry Level Utility Sound Tech Y,other,7.0
303,Entry Level Utility Sound Tech Y,other,7.0
303,Entry Level Micro. Boom Operator Y,other,8.0
303,Entry Level Micro. Boom Operator Y,other,8.0
303,Entry Level Record. Machine Op Y,other,9.0
303,Entry Level Record. Machine Op Y,other,9.0
303,Sound Service Person Y,other,16.0
303,Sound Production Trainee Y,other,16.0
304,©1987,other,2025.0
304,The Paymaster 2025,other,26.0
304,Motion Picture Editor Z,other,1.0
304,Motion Picture Editor Z,other,1.0
304,Motion Picture Editor Z,other,1.0
304,Sound Editor Z,other,8.0
304,Sound Editor Z,other,8.0
304,Sound Editor Z,other,2.0
304,Sound Editor Z,other,2.0
304,Foley Artist Z,other,11.0
304,Foley Artist Z,other,11.0
304,Music Editor Z,other,9.0
304,Music Editor Z,other,9.0
304,Music Editor Z,other,3.0
304,Music Editor Z,other,3.0
304,Assistant Editor Z,other,5.0
304,Assistant Editor Z,other,5.0
304,Editorial Apprentice Z,other,7.0
304,Editorial Apprentice Z,other,7.0
304,Librarian Z,other,4.0
304,Librarian Z,other,4.0
304,Head Librarian Z,other,4.0
304,Editorial Librarian Z,other,6.0
304,Editorial Librarian Z,other,6.0
305,©1987,other,2025.0
305,The Paymaster 2025,other,26.0
305,Journeyperson Music Mixer Y,other,1.0
305,Journeyperson Music Mixer Y,other,1.0
305,Journeyperson Re-Recording Mixer Y,other,1.0
305,Journeyperson Re-Recording Mixer Y,other,1.0
305,Journeyperson Supervising Engineer Y,other,3.0
305,Journeyperson Supervising Engineer Y,other,3.0
305,Journeyperson Engineer (Sound) Y,other,4.0
305,Journeyperson Engineer (Sound) Y,other,4.0
305,Journeyperson Service Recorder Y,other,7.0
305,Journeyperson Service Recorder Y,other,7.0
305,Journeyperson Utility Sound Tech Y,other,7.0
305,Journeyperson Utility Sound Tech Y,other,7.0
305,Journeyperson Micro. Boom Operator Y,other,8.0
305,Journeyperson Micro. Boom Operator Y,other,8.0
305,Journeyperson Record. Mach Operator Y,other,9.0
305,Journeyperson Record. Mach Operator Y,other,9.0
305,Entry Level Music Mixer Y,other,1.0
305,Entry Level Music Mixer Y,other,1.0
305,Entry Level Re-Recording Mixer Y,other,1.0
305,Entry Level Re-Recording Mixer Y,other,1.0
305,Entry Level Supervising Engineer Y,other,3.0
305,Entry Level Supervising Engineer Y,other,3.0
305,Entry Level Engineer (Sound) Y,other,4.0
305,Entry Level Engineer (Sound) Y,other,4.0
305,Entry Level Service Recorder Y,other,7.0
305,Entry Level Service Recorder Y,other,7.0
305,Entry Level Utility Sound Tech Y,other,7.0
305,Entry Level Utility Sound Tech Y,other,7.0
305,Entry Level Micro. Boom Operator Y,other,8.0
305,Entry Level Micro. Boom Operator Y,other,8.0
305,Entry Level Record. Machine Op Y,other,9.0
305,Entry Level Micro. Boom Operator Y,other,8.0
305,Sound Service Person Y,other,16.0
305,Sound Production Trainee Y,other,16.0
306,©1987,other,2025.0
306,The Paymaster 2025,other,26.0
307,©1987,other,2025.0
307,The Paymaster 2025,other,26.0
308,©1987,other,2025.0
308,The Paymaster 2025,other,26.0
309,©1987,other,2025.0
309,The Paymaster 2025,other,26.0
310,©1987,other,2025.0
310,The Paymaster 2025,other,26.0
311,©1987,other,2025.0
311,The Paymaster 2025,other,26.0
312,©1987,other,2025.0
312,The Paymaster 2025,other,26.0
313,©1987,other,2025.0
313,The Paymaster 2025,other,26.0
314,©1987,other,2025.0
314,The Paymaster 2025,other,26.0
315,©1987,other,2025.0
315,The Paymaster 2025,other,26.0
316,©1987,other,2025.0
316,The Paymaster 2025,other,26.0
316,Production Mixer Y,other,1.0
316,Production Mixer Y,other,1.0
316,Supervising Engineer Y,other,3.0
316,Supervising Engineer Y,other,3.0
316,Operative Super &/or Engineer Y,other,4.0
316,Operative Super &/or Engineer Y,other,4.0
316,Maintenance Technician Y,other,6.0
316,Maintenance Technician Y,other,6.0
316,Video Assist Y,other,7.0
316,Video Assist Y,other,7.0
316,Utility Sound Technician Y,other,7.0
316,Utility Sound Technician Y,other,7.0
316,Micro Boom Operator Y,other,8.0
316,Micro Boom Operator Y,other,8.0
316,Sound Service Person III Y,other,9.0
316,Sound Service Person III Y,other,9.0
316,Production Mixer Y,other,1.0
316,Production Mixer Y,other,1.0
316,Supervising Engineer Y,other,3.0
316,Supervising Engineer Y,other,3.0
316,Operative Super and/or Engineer Y,other,4.0
316,Operative Super and/or Engineer Y,other,4.0
316,Maintenance Technician Y,other,6.0
316,Maintenance Technician Y,other,6.0
316,Video Assist Y,other,7.0
316,Video Assist Y,other,7.0
316,Utility Sound Technician Y,other,7.0
316,Utility Sound Technician Y,other,7.0
316,Micro Boom Operator Y,other,8.0
316,Micro Boom Operator Y,other,8.0
316,Sound Service Person III Y,other,9.0
316,Sound Service Person III Y,other,9.0
316,Sound Service Person II Y,other,13.0
316,Sound Service Person II Y,other,13.0
316,Sound Service Person I Y,other,16.0
316,Production Sound Trainee Y,other,16.0
316,Sound Service Person II Y,other,13.0
316,Sound Service Person II Y,other,13.0
317,©1987,other,2025.0
317,The Paymaster 2025,other,26.0
318,©1987,other,2025.0
318,The Paymaster 2025,other,26.0
319,©1987,other,2025.0
319,The Paymaster 2025,other,26.0
320,©1987,other,2025.0
320,The Paymaster 2025,other,26.0
321,©1987,other,2025.0
321,The Paymaster 2025,other,26.0
322,©1987,other,2025.0
322,The Paymaster 2025,other,26.0
322,Color Designer (eff. 3/23/25,other,3.0
322,Animation Story Person (eff. 8/4/24,other,3.0
323,©1987,other,2025.0
323,The Paymaster 2025,other,26.0
323,Animation Story Person (other than those covered by 21,other,25.0
323,Animation Story Person (animated TV series 7+ min or 20,other,35.0
324,©1987,other,2025.0
324,The Paymaster 2025,other,26.0
325,©1987,other,2025.0
325,The Paymaster 2025,other,26.0
325,8/3/2025,other,8.0
326,©1987,other,2025.0
326,The Paymaster 2025,other,26.0
326,8/3/2025,other,8.0
326,Animation Writer Level 1 (7,other,19.0
326,Animation Writer Level 2 (7,other,19.0
326,Animation Writer Level 2 (7,other,19.0
327,©1987,other,2025.0
327,The Paymaster 2025,other,26.0
328,©1987,other,2025.0
328,The Paymaster 2025,other,26.0
329,©1987,other,2025.0
329,The Paymaster 2025,other,26.0
330,©1987,other,2025.0
330,The Paymaster 2025,other,26.0
331,©1987,other,2025.0
331,The Paymaster 2025,other,26.0
332,©1987,other,2025.0
332,The Paymaster 2025,other,26.0
333,©1987,other,2025.0
333,The Paymaster 2025,other,26.0
334,©1987,other,2025.0
334,The Paymaster 2025,other,26.0
335,©1987,other,2025.0
335,The Paymaster 2025,other,26.0
336,©1987,other,2025.0
336,The Paymaster 2025,other,26.0
337,©1987,other,2025.0
337,The Paymaster 2025,other,26.0
338,©1987,other,2025.0
338,The Paymaster 2025,other,26.0
339,©1987,other,2025.0
339,The Paymaster 2025,other,26.0
340,©1987,other,2025.0
340,The Paymaster 2025,other,26.0
341,©1987,other,2025.0
341,The Paymaster 2025,other,26.0
342,©1987,other,2025.0
342,The Paymaster 2025,other,26.0
343,©1987,other,2025.0
343,The Paymaster 2025,other,26.0
344,©1987,other,2025.0
344,The Paymaster 2025,other,26.0
345,©1987,other,2025.0
345,The Paymaster 2025,other,26.0
346,©1987,other,2025.0
346,The Paymaster 2025,other,26.0
347,©1987,other,2025.0
347,The Paymaster 2025,other,26.0
348,©1987,other,2025.0
348,The Paymaster 2025,other,26.0
348,SCHEDULE B,other,18.0
349,©1987,other,2025.0
349,The Paymaster 2025,other,26.0
350,©1987,other,2025.0
350,The Paymaster 2025,other,26.0
350,8 Schedule B,other,1.0
350,9 All Schedule B,other,1.0
350,employment may be continued at Schedule B,other,1.0
351,©1987,other,2025.0
351,The Paymaster 2025,other,26.0
351,Off Production employees called to work between 6,other,0.0
351,8,other,0.0
351,called to work between 4,other,0.0
352,©1987,other,2025.0
352,The Paymaster 2025,other,26.0
353,©1987,other,2025.0
353,The Paymaster 2025,other,26.0
353,On Call/Weekly,other,1.0
354,©1987,other,2025.0
354,The Paymaster 2025,other,26.0
354,SCHEDULE B,other,17.0
355,©1987,other,2025.0
355,The Paymaster 2025,other,26.0
355,7 Schedule B,other,1.0
355,hours of the six (6) day workweek and not less than one and one-half (1,other,1.0
355,8 All Schedule B,other,1.0
355,"has been fulfilled, employment may be continued at Schedule B",other,1.0
356,©1987,other,2025.0
356,The Paymaster 2025,other,26.0
356,(6th day,other,7.0
356,Daily Rest,other,8.0
357,©1987,other,2025.0
357,The Paymaster 2025,other,26.0
358,©1987,other,2025.0
358,The Paymaster 2025,other,26.0
358,7 Days,other,2.0
358,Gold (14+ Elapsed),other,5.0
358,Gold (15+ Elapsed),other,6.0
358,On Call/Weekly,other,1.0
359,©1987,other,2025.0
359,The Paymaster 2025,other,26.0
359,1,other,1.0
359,1,other,1.0
360,©1987,other,2025.0
360,The Paymaster 2025,other,26.0
361,©1987,other,2025.0
361,The Paymaster 2025,other,26.0
361,Off Production employees called to work between 6,other,0.0
361,8,other,0.0
361,called to work between 4,other,0.0
362,©1987,other,2025.0
362,The Paymaster 2025,other,26.0
363,©1987,other,2025.0
363,The Paymaster 2025,other,26.0
363,On Call/Weekly,other,1.0
364,©1987,other,2025.0
364,The Paymaster 2025,other,26.0
365,©1987,other,2025.0
365,The Paymaster 2025,other,26.0
365,9,other,1.0
365,1,other,1.0
365,9,other,1.0
366,©1987,other,2025.0
366,The Paymaster 2025,other,26.0
367,©1987,other,2025.0
367,The Paymaster 2025,other,26.0
367,(6th day,other,7.0
367,Daily Rest,other,8.0
368,©1987,other,2025.0
368,The Paymaster 2025,other,26.0
369,©1987,other,2025.0
369,The Paymaster 2025,other,26.0
369,7 Days,other,2.0
369,Gold (14+ Elapsed),other,5.0
369,Gold (15+ Elapsed),other,6.0
369,On Call/Weekly,other,1.0
370,©1987,other,2025.0
370,The Paymaster 2025,other,26.0
371,©1987,other,2025.0
371,The Paymaster 2025,other,26.0
372,©1987,other,2025.0
372,The Paymaster 2025,other,26.0
372,All employees,other,6.0
373,©1987,other,2025.0
373,The Paymaster 2025,other,26.0
373,10/1/24,other,9.0
373,09/28/25,other,10.0
373,10/13/24,other,9.0
373,09/28/25,other,10.0
373,9/29/24,other,9.0
373,9/28/25,other,10.0
374,©1987,other,2025.0
374,The Paymaster 2025,other,26.0
374,RC,other,8497.0
374,"signed on August 20, 2024 in National Labor Relations Board Case No. 31-RC",other,345048.0
374,9/29/2024,other,9.0
375,©1987,other,2025.0
375,The Paymaster 2025,other,26.0
375,9/29/2024,other,9.0
375,10/13/2024,other,9.0
375,9/28/2025,other,10.0
375,9/29/2024,other,10.0
376,©1987,other,2025.0
376,The Paymaster 2025,other,26.0
377,©1987,other,2025.0
377,The Paymaster 2025,other,26.0
378,©1987,other,2025.0
378,The Paymaster 2025,other,26.0
379,©1987,other,2025.0
379,The Paymaster 2025,other,26.0
380,©1987,other,2025.0
380,The Paymaster 2025,other,26.0
381,©1987,other,2025.0
381,The Paymaster 2025,other,26.0
381,Off Production employees called to work between 6,other,0.0
381,8,other,0.0
381,called to work between 4,other,0.0
382,©1987,other,2025.0
382,The Paymaster 2025,other,26.0
382,Daily Rest Period,other,8.0
383,©1987,other,2025.0
383,The Paymaster 2025,other,26.0
383,7 Days,other,2.0
383,Gold (14+ Elapsed),other,5.0
383,Gold (15+ Elapsed),other,6.0
383,On Call/Weekly,other,1.0
384,©1987,other,2025.0
384,The Paymaster 2025,other,26.0
384,(6th day,other,7.0
385,©1987,other,2025.0
385,The Paymaster 2025,other,26.0
385,Daily Rest Period,other,8.0
386,©1987,other,2025.0
386,The Paymaster 2025,other,26.0
386,7 Days,other,2.0
386,Gold (14+ Elapsed),other,5.0
386,Gold (15+ Elapsed),other,6.0
386,On Call/Weekly,other,1.0
386,Calls may be cancelled before 8,other,0.0
386,"the day of the call, provided such notice is given after 6",other,0.0
387,©1987,other,2025.0
387,The Paymaster 2025,other,26.0
387,Minimum call,other,8.0
387,Overtime: Days 1,overtime_rate,5.0
387,worked,other,1.5
387,Rest Periods,other,8.0
388,©1987,other,2025.0
388,The Paymaster 2025,other,26.0
389,©1987,other,2025.0
389,The Paymaster 2025,other,26.0
390,©1987,other,2025.0
390,The Paymaster 2025,other,26.0
390,Off Production employees called to work between 6,other,0.0
390,8,other,0.0
390,called to work between 4,other,0.0
391,©1987,other,2025.0
391,The Paymaster 2025,other,26.0
392,©1987,other,2025.0
392,The Paymaster 2025,other,26.0
392,On Call/Weekly,other,1.0
393,©1987,other,2025.0
393,The Paymaster 2025,other,26.0
394,©1987,other,2025.0
394,The Paymaster 2025,other,26.0
395,©1987,other,2025.0
395,The Paymaster 2025,other,26.0
396,©1987,other,2025.0
396,The Paymaster 2025,other,26.0
396,(6th day,other,7.0
396,Daily Rest,other,8.0
397,©1987,other,2025.0
397,The Paymaster 2025,other,26.0
398,©1987,other,2025.0
398,The Paymaster 2025,other,26.0
398,7 Days,other,2.0
398,Gold (14+ Elapsed),other,5.0
398,Gold (15+ Elapsed),other,6.0
398,On Call/Weekly,other,1.0
399,©1987,other,2025.0
399,The Paymaster 2025,other,26.0
400,©1987,other,2025.0
400,The Paymaster 2025,other,26.0
401,©1987,other,2025.0
401,The Paymaster 2025,other,26.0
401,Off Production employees called to work between 6,other,0.0
401,8,other,0.0
401,called to work between 4,other,0.0
402,©1987,other,2025.0
402,The Paymaster 2025,other,26.0
403,©1987,other,2025.0
403,The Paymaster 2025,other,26.0
403,On Call/Weekly,other,1.0
404,©1987,other,2025.0
404,The Paymaster 2025,other,26.0
405,©1987,other,2025.0
405,The Paymaster 2025,other,26.0
406,©1987,other,2025.0
406,The Paymaster 2025,other,26.0
406,(6th day,other,7.0
406,Daily Rest,other,8.0
407,©1987,other,2025.0
407,The Paymaster 2025,other,26.0
408,©1987,other,2025.0
408,The Paymaster 2025,other,26.0
408,7 Days,other,2.0
408,Gold (14+ Elapsed),other,5.0
408,Gold (15+ Elapsed),other,6.0
408,On Call/Weekly,other,1.0
409,©1987,other,2025.0
409,The Paymaster 2025,other,26.0
410,©1987,other,2025.0
410,The Paymaster 2025,other,26.0
411,©1987,other,2025.0
411,The Paymaster 2025,other,26.0
412,©1987,other,2025.0
412,The Paymaster 2025,other,26.0
413,©1987,other,2025.0
413,The Paymaster 2025,other,26.0
413,Apprentice Wireman 10 (Yr. 22,other,23.0
414,©1987,other,2025.0
414,The Paymaster 2025,other,26.0
415,©1987,other,2025.0
415,The Paymaster 2025,other,26.0
416,©1987,other,2025.0
416,The Paymaster 2025,other,26.0
416,Effective 8/3/2025,other,8.0
417,©1987,other,2025.0
417,The Paymaster 2025,other,26.0
417,Effective 8/3/2025,other,8.0
417,Apprentice Wireman 8 (Yr. 22,other,23.0
418,©1987,other,2025.0
418,The Paymaster 2025,other,26.0
418,Effective 8/3/2025,other,8.0
419,©1987,other,2025.0
419,The Paymaster 2025,other,26.0
419,Effective 8/3/2025,other,8.0
420,©1987,other,2025.0
420,The Paymaster 2025,other,26.0
420,Effective 8/3/2025,other,8.0
420,Effective 8/3/2025,other,8.0
420,Effective 8/3/2025,other,8.0
421,©1987,other,2025.0
421,The Paymaster 2025,other,26.0
422,©1987,other,2025.0
422,The Paymaster 2025,other,26.0
422,• Day 1,other,5.0
422,• Day 1,other,5.0
422,• Day 1,other,5.0
422,• Day 1,other,5.0
423,©1987,other,2025.0
423,The Paymaster 2025,other,26.0
423,• Day 1,other,5.0
423,• Day 1,other,5.0
423,• Day 1,other,5.0
424,©1987,other,2025.0
424,The Paymaster 2025,other,26.0
425,©1987,other,2025.0
425,The Paymaster 2025,other,26.0
425,• Day 1,other,5.0
425,• Day 1,other,5.0
425,• Day 1,other,5.0
426,©1987,other,2025.0
426,The Paymaster 2025,other,26.0
426,• Day 1,other,5.0
426,• Day 1,other,5.0
426,• Day 1,other,5.0
426,• Day 1,other,5.0
427,©1987,other,2025.0
427,The Paymaster 2025,other,26.0
427,• Day 1,other,5.0
427,• Day 1,other,5.0
427,• Day 1,other,5.0
428,©1987,other,2025.0
428,The Paymaster 2025,other,26.0
429,©1987,other,2025.0
429,The Paymaster 2025,other,26.0
429,• Day 1,other,5.0
429,• Day 1,other,5.0
429,• Day 1,other,5.0
430,©1987,other,2025.0
430,The Paymaster 2025,other,26.0
431,©1987,other,2025.0
431,The Paymaster 2025,other,26.0
432,©1987,other,2025.0
432,The Paymaster 2025,other,26.0
433,©1987,other,2025.0
433,The Paymaster 2025,other,26.0
434,©1987,other,2025.0
434,The Paymaster 2025,other,26.0
434,must notify the FSA Dispatch Center that the FSA is no longer needed before 12,other,0.0
435,©1987,other,2025.0
435,The Paymaster 2025,other,26.0
435,Minimum Call,other,4.0
435,Travel Time,other,1.0
435,Minimum Call,other,4.0
436,©1987,other,2025.0
436,The Paymaster 2025,other,26.0
436,Minimum Call,other,4.0
436,Minimum Call,other,4.0
436,Cancellation Fee with less than 24 hours’ notice,other,4.0
436,Minimum Call,other,8.0
437,©1987,other,2025.0
437,The Paymaster 2025,other,26.0
437,Must be received by 8,other,0.0
438,©1987,other,2025.0
438,The Paymaster 2025,other,26.0
439,©1987,other,2025.0
439,The Paymaster 2025,other,26.0
440,©1987,other,2025.0
440,The Paymaster 2025,other,26.0
441,©1987,other,2025.0
441,The Paymaster 2025,other,26.0
442,©1987,other,2025.0
442,The Paymaster 2025,other,26.0
443,©1987,other,2025.0
443,The Paymaster 2025,other,26.0
444,©1987,other,2025.0
444,The Paymaster 2025,other,26.0
444,Freelance Post-Production Supervisors are not eligible under this agreement if they are,other,1.0
445,©1987,other,2025.0
445,The Paymaster 2025,other,26.0
446,©1987,other,2025.0
446,The Paymaster 2025,other,26.0
446,FUI Rate,other,0.6
446,Ceiling,other,7000.0
447,©1987,other,2025.0
447,The Paymaster 2025,other,26.0
447,2025,other,2026.0
447,2025,other,2026.0
448,©1987,other,2025.0
448,The Paymaster 2025,other,26.0
448,involved should report them on form W,other,2.0
448,The allowable portion will be reported on form W,other,2.0
449,©1987,other,2025.0
449,The Paymaster 2025,other,26.0
449,Studio Employment,other,1.0
449,Distant Location,other,1.0
450,©1987,other,2025.0
450,The Paymaster 2025,other,26.0
450,Other than Actors (CANADA ONLY),other,15.0
450,A list of addresses where the production company or the employee can obtain a Certificate of Coverage is on pages 3,other,20.0
451,©1987,other,2025.0
451,The Paymaster 2025,other,26.0
451,B,other,1060.0
451,DK,other,1119.0
451,FIN,other,23.0
451,1,other,2.0
451,100,other,8916.0
451,7,other,16.0
451,Seoul 138,other,725.0
451,L,other,2975.0
451,"Kasprowicza 151, 01",other,949.0
452,©1987,other,2025.0
452,The Paymaster 2025,other,26.0
452,S,other,10351.0
452,Ch,other,1211.0
453,©1987,other,2025.0
453,The Paymaster 2025,other,26.0
454,©1987,other,2025.0
454,The Paymaster 2025,other,26.0
455,©1987,other,2025.0
455,The Paymaster 2025,other,26.0
456,©1987,other,2025.0
456,The Paymaster 2025,other,26.0
457,©1987,other,2025.0
457,The Paymaster 2025,other,26.0
458,©1987,other,2025.0
458,The Paymaster 2025,other,26.0
458,2023,other,2025.0
458,NOTE: The following text has been included as a generalization of the 2023,other,2025.0
459,©1987,other,2025.0
459,The Paymaster 2025,other,26.0
460,©1987,other,2025.0
460,The Paymaster 2025,other,26.0
461,©1987,other,2025.0
461,The Paymaster 2025,other,26.0
462,©1987,other,2025.0
462,The Paymaster 2025,other,26.0
463,©1987,other,2025.0
463,The Paymaster 2025,other,26.0
464,©1987,other,2025.0
464,The Paymaster 2025,other,26.0
465,©1987,other,2025.0
465,The Paymaster 2025,other,26.0
465,"In the event of a cancellation of a call, if notification is not given by 5",other,0.0
466,©1987,other,2025.0
466,The Paymaster 2025,other,26.0
466,Calls may be changed for current employees by 8,other,0.0
466,"hours’ notice on the day of the call, provided such notice is given after 7",other,0.0
466,later than 8,other,0.0
466,8,other,0.0
467,©1987,other,2025.0
467,The Paymaster 2025,other,26.0
468,©1987,other,2025.0
468,The Paymaster 2025,other,26.0
468,"Los Angeles, CA 90088",other,8439.0
469,©1987,other,2025.0
469,The Paymaster 2025,other,26.0
470,©1987,other,2025.0
470,The Paymaster 2025,other,26.0
470,"contributions shall be payable to IATSE Training Trust Fund, P.O. Box 51317, Los Angeles, CA 90051",other,5617.0
471,©1987,other,2025.0
471,The Paymaster 2025,other,26.0
472,©1987,other,2025.0
472,The Paymaster 2025,other,26.0
473,©1987,other,2025.0
473,The Paymaster 2025,other,26.0
474,©1987,other,2025.0
474,The Paymaster 2025,other,26.0
475,©1987,other,2025.0
475,The Paymaster 2025,other,26.0
476,©1987,other,2025.0
476,The Paymaster 2025,other,26.0
477,©1987,other,2025.0
477,The Paymaster 2025,other,26.0
478,©1987,other,2025.0
478,The Paymaster 2025,other,26.0
479,©1987,other,2025.0
479,The Paymaster 2025,other,26.0
480,©1987,other,2025.0
480,The Paymaster 2025,other,26.0
481,©1987,other,2025.0
481,The Paymaster 2025,other,26.0
482,©1987,other,2025.0
482,The Paymaster 2025,other,26.0
483,©1987,other,2025.0
483,The Paymaster 2025,other,26.0
484,©1987,other,2025.0
484,The Paymaster 2025,other,26.0
484,During the course of negotiations for the 2020,other,2022.0
484,"in geographical areas where such person, if hired locally, would be subject to the 2020",other,2022.0
485,©1987,other,2025.0
485,The Paymaster 2025,other,26.0
486,©1987,other,2025.0
486,The Paymaster 2025,other,26.0
487,©1987,other,2025.0
487,The Paymaster 2025,other,26.0
488,©1987,other,2025.0
488,The Paymaster 2025,other,26.0
489,©1987,other,2025.0
489,The Paymaster 2025,other,26.0
490,©1987,other,2025.0
490,The Paymaster 2025,other,26.0
491,©1987,other,2025.0
491,The Paymaster 2025,other,26.0
492,©1987,other,2025.0
492,The Paymaster 2025,other,26.0
493,©1987,other,2025.0
493,The Paymaster 2025,other,26.0
494,©1987,other,2025.0
494,The Paymaster 2025,other,26.0
495,©1987,other,2025.0
495,The Paymaster 2025,other,26.0
496,©1987,other,2025.0
496,The Paymaster 2025,other,26.0
497,©1987,other,2025.0
497,The Paymaster 2025,other,26.0
498,©1987,other,2025.0
498,The Paymaster 2025,other,26.0
499,©1987,other,2025.0
499,The Paymaster 2025,other,26.0
500,©1987,other,2025.0
500,The Paymaster 2025,other,26.0
501,©1987,other,2025.0
501,The Paymaster 2025,other,26.0
502,©1987,other,2025.0
502,The Paymaster 2025,other,26.0
503,©1987,other,2025.0
503,The Paymaster 2025,other,26.0
504,©1987,other,2025.0
504,The Paymaster 2025,other,26.0
505,©1987,other,2025.0
505,The Paymaster 2025,other,26.0
505,20,other,35.0
505,36,other,65.0
506,©1987,other,2025.0
506,The Paymaster 2025,other,26.0
506,Basic,other,12.5
506,Basic*,other,12.5
506,Basic,other,12.5
506,Basic*,other,12.5
507,©1987,other,2025.0
507,The Paymaster 2025,other,26.0
507,20,other,35.0
507,Pilot: Digital,other,3.0
507,Season 1: Digital,other,3.0
507,Season 2 – Digital,other,3.0
507,Pilot: Basic,other,3.0
507,Basic*,other,3.0
507,Season 1: Basic*,other,3.0
507,Season 2: Basic*,other,3.0
507,Season 2,other,50.0
507,Season 3+,other,100.0
507,Season 1+,other,100.0
507,Season 2,other,50.0
507,Season 3+,other,100.0
507,Season 1+,other,100.0
508,©1987,other,2025.0
508,The Paymaster 2025,other,26.0
508,36,other,65.0
508,Pilot: Basic,other,3.0
508,Season 1: Basic,other,3.0
508,Season 2: Basic,other,3.0
508,Pilot: Basic*,other,3.0
508,Season 1: Basic*,other,3.0
508,Season 2: Basic*,other,3.0
508,Season 2,other,50.0
508,Season 3+,other,100.0
508,Season 2,other,50.0
508,Season 3+,other,100.0
509,©1987,other,2025.0
509,The Paymaster 2025,other,26.0
509,20,other,35.0
509,Digital,other,3.0
509,Basic*,other,3.0
509,36,other,65.0
509,Basic,other,3.0
509,Basic*,other,3.0
509,Basic,other,3.0
509,Basic*,other,3.0
510,©1987,other,2025.0
510,The Paymaster 2025,other,26.0
510,20,other,35.0
510,Basic,other,10.0
510,Basic*,other,3.0
510,36,other,65.0
510,Basic,other,10.0
510,Basic*,other,3.0
510,66,other,84.0
510,Basic,other,10.0
510,66,other,84.0
510,$3.0M-<$4.0M: Basic*,other,10.0
510,$4.0M+: Basic*,other,3.0
510,66,other,84.0
511,©1987,other,2025.0
511,The Paymaster 2025,other,26.0
511,85,other,95.0
511,Basic,other,10.0
511,85,other,95.0
511,$3.0M-<$4.0M: Basic*,other,10.0
511,$4.0M+: Basic*,other,3.0
511,<$37.21M: Basic*,other,10.0
511,<$37.21M: Basic,other,10.0
511,$3.0M-<$4.5M: Basic*,other,10.0
511,$4.5M-<$37.21M: Basic*,other,3.0
511,See 85,other,95.0
511,$37.21M+,other,100.0
511,$37.21M+,other,100.0
512,©1987,other,2025.0
512,The Paymaster 2025,other,26.0
512,20,other,35.0
512,36,other,65.0
513,©1987,other,2025.0
513,The Paymaster 2025,other,26.0
514,©1987,other,2025.0
514,The Paymaster 2025,other,26.0
514,20,other,35.0
514,Season 2+,other,100.0
514,36,other,65.0
514,Season 2+,other,100.0
515,©1987,other,2025.0
515,The Paymaster 2025,other,26.0
515,20,other,35.0
515,36,other,65.0
516,©1987,other,2025.0
516,The Paymaster 2025,other,26.0
516,20,other,35.0
516,36,other,65.0
516,66,other,84.0
517,©1987,other,2025.0
517,The Paymaster 2025,other,26.0
517,85,other,95.0
517,$37.21M+,other,100.0
518,©1987,other,2025.0
518,The Paymaster 2025,other,26.0
518,20,other,35.0
518,36,other,65.0
518,20,other,35.0
518,36,other,65.0
518,20,other,35.0
518,36,other,65.0
518,20,other,35.0
518,36,other,65.0
519,©1987,other,2025.0
519,The Paymaster 2025,other,26.0
520,©1987,other,2025.0
520,The Paymaster 2025,other,26.0
520,20,other,35.0
520,36,other,65.0
520,20,other,35.0
520,36,other,65.0
520,66,other,95.0
520,more per episode for a 20,other,35.0
520,episode for a 20,other,35.0
521,©1987,other,2025.0
521,The Paymaster 2025,other,26.0
521,20,other,35.0
521,36,other,65.0
521,"$2,100,000 for 20",other,35.0
522,©1987,other,2025.0
522,The Paymaster 2025,other,26.0
522,20,other,35.0
522,36,other,65.0
523,©1987,other,2025.0
523,The Paymaster 2025,other,26.0
523,20,other,35.0
523,36,other,65.0
524,©1987,other,2025.0
524,The Paymaster 2025,other,26.0
525,©1987,other,2025.0
525,The Paymaster 2025,other,26.0
525,20,other,35.0
525,Season 1: Section 1(a)(2),other,3.0
525,Season 2: Section 1(a)(2),other,3.0
525,Pilot: Section 1(a)(3),other,3.0
525,Pilot: Section 26(a)(3)(i),other,3.0
525,Season 1: Section 26(a)(3)(i),other,3.0
525,Season 2: Section 26(a)(3)(i),other,3.0
525,Pilot: Section 26(a)(3)(i),other,3.0
525,Season 2,other,50.0
525,Season 3+,other,100.0
525,Season 1+,other,100.0
525,Season 2,other,50.0
525,Season 3+,other,100.0
525,Season 1+,other,100.0
525,Season 2,other,50.0
525,Season 3+,other,100.0
525,Season 1+,other,100.0
525,Season 2,other,50.0
525,Season 3+,other,100.0
526,©1987,other,2025.0
526,The Paymaster 2025,other,26.0
526,36,other,65.0
526,Season 2,other,50.0
526,Season 3+,other,100.0
526,Season 2+,other,100.0
526,Season 2,other,50.0
526,Season 3+,other,100.0
526,20,other,35.0
526,36,other,65.0
527,©1987,other,2025.0
527,The Paymaster 2025,other,26.0
527,20,other,35.0
527,36,other,65.0
527,66,other,95.0
528,©1987,other,2025.0
528,The Paymaster 2025,other,26.0
528,20,other,35.0
528,Season 1: Article 10.(a)(1)(B)(i),other,3.0
528,10.(b)(1),other,3.0
528,Season 2: Article 10.(a)(1)(B)(i),other,3.0
528,10.(b)(1),other,3.0
528,Season 1: Article 10.(a)(1)(B)(ii),other,3.0
528,Article 10.(b)(1),other,3.0
528,Season 2: Article 10.(a)(1)(B)(ii),other,3.0
528,Article 10.(b)(1),other,3.0
528,Season 2,other,50.0
528,Season 3+,other,100.0
528,Season 1+,other,100.0
528,Season 2,other,50.0
528,Season 3+,other,100.0
528,Season 1+,other,100.0
529,©1987,other,2025.0
529,The Paymaster 2025,other,26.0
529,20,other,35.0
529,Season 2,other,50.0
529,Season 3+,other,100.0
529,Season 1+,other,100.0
529,Season 2,other,50.0
529,Season 3+,other,100.0
529,Season 1+,other,100.0
529,36,other,65.0
529,Season 2,other,50.0
529,Season 3+,other,100.0
529,Season 2+,other,100.0
529,Season 2,other,50.0
529,Season 3+,other,100.0
530,©1987,other,2025.0
530,The Paymaster 2025,other,26.0
530,20,other,35.0
530,36,other,65.0
531,©1987,other,2025.0
531,The Paymaster 2025,other,26.0
531,20,other,35.0
531,36,other,65.0
531,66,other,95.0
532,©1987,other,2025.0
532,The Paymaster 2025,other,26.0
532,20,other,35.0
532,Season 2,other,50.0
532,Season 3+,other,100.0
532,Season 1+,other,100.0
532,Season 2,other,50.0
532,Season 3+,other,100.0
532,Season 1+,other,100.0
532,36,other,65.0
533,©1987,other,2025.0
533,The Paymaster 2025,other,26.0
533,20,other,35.0
533,36,other,65.0
534,©1987,other,2025.0
534,The Paymaster 2025,other,26.0
534,20,other,35.0
534,36,other,65.0
534,66,other,95.0
535,©1987,other,2025.0
535,The Paymaster 2025,other,26.0
535,20,other,35.0
535,Season 2,other,50.0
535,Season 3+,other,100.0
535,Season 1+,other,100.0
535,Season 2,other,50.0
535,Season 3+,other,100.0
535,Season 1+,other,100.0
535,Season 2,other,50.0
535,Season 3+,other,100.0
535,Season 1+,other,100.0
535,Season 2,other,50.0
535,Season 3+,other,100.0
535,Season 1+,other,100.0
535,36,other,65.0
535,Season 2+,other,100.0
536,©1987,other,2025.0
536,The Paymaster 2025,other,26.0
536,20,other,35.0
536,36,other,65.0
537,©1987,other,2025.0
537,The Paymaster 2025,other,26.0
537,20,other,35.0
537,$1.3M-<$2.1M: Article 11.(a)(3),other,10.0
537,$1.3M+: Article 11.(a)(3),other,10.0
537,$1.3M-<$2.1M: Article 11.(a)(3),other,10.0
537,$1.3M+: Article 11.(a)(3),other,10.0
537,36,other,65.0
537,$2.5M-<$3.8M: Article 11.(a)(3),other,10.0
537,$2.5M+: Article 11.(a)(3),other,10.0
537,$2.5M-<$3.8M: Article 11.(a)(3),other,10.0
537,$2.5M+: Article 11.(a)(3),other,10.0
537,66,other,95.0
538,©1987,other,2025.0
538,The Paymaster 2025,other,26.0
538,20,other,35.0
538,Season 1: Article 4.A.,other,3.0
538,Season 2: Article 4.A.,other,3.0
538,36,other,65.0
539,©1987,other,2025.0
539,The Paymaster 2025,other,26.0
539,20,other,35.0
539,36,other,65.0
539,66,other,84.0
539,85,other,95.0
540,©1987,other,2025.0
540,The Paymaster 2025,other,26.0
541,©1987,other,2025.0
541,The Paymaster 2025,other,26.0
542,©1987,other,2025.0
542,The Paymaster 2025,other,26.0
543,©1987,other,2025.0
543,The Paymaster 2025,other,26.0
544,©1987,other,2025.0
544,The Paymaster 2025,other,26.0
545,©1987,other,2025.0
545,The Paymaster 2025,other,26.0
545,* Effective 3/13/16,other,40.0
546,©1987,other,2025.0
546,The Paymaster 2025,other,26.0
547,©1987,other,2025.0
547,The Paymaster 2025,other,26.0
548,©1987,other,2025.0
548,The Paymaster 2025,other,26.0
549,©1987,other,2025.0
549,The Paymaster 2025,other,26.0
550,©1987,other,2025.0
550,The Paymaster 2025,other,26.0
551,©1987,other,2025.0
551,The Paymaster 2025,other,26.0
552,©1987,other,2025.0
552,The Paymaster 2025,other,26.0
552,Non,other,15.0
553,©1987,other,2025.0
553,The Paymaster 2025,other,26.0
553,"1 In addition, each Producer shall contribute to the Local USA",other,829.0
553,maximum contribution to the Local USA,other,829.0
554,©1987,other,2025.0
554,The Paymaster 2025,other,26.0
554,"1 In addition, each Producer shall contribute to the Local USA",other,829.0
554,maximum contribution to the Local USA,other,829.0
555,©1987,other,2025.0
555,The Paymaster 2025,other,26.0
556,©1987,other,2025.0
556,The Paymaster 2025,other,26.0
557,©1987,other,2025.0
557,The Paymaster 2025,other,26.0
558,©1987,other,2025.0
558,The Paymaster 2025,other,26.0
559,©1987,other,2025.0
559,The Paymaster 2025,other,26.0
560,©1987,other,2025.0
560,The Paymaster 2025,other,26.0
561,©1987,other,2025.0
561,The Paymaster 2025,other,26.0
562,©1987,other,2025.0
562,The Paymaster 2025,other,26.0
562,prior to 3,other,0.0
562,"production’ employee is hired at the daily rate, he shall be notified prior to 5",other,0.0
563,©1987,other,2025.0
563,The Paymaster 2025,other,26.0
564,©1987,other,2025.0
564,The Paymaster 2025,other,26.0
564,First meal between 2,meal_penalty,6.0
565,©1987,other,2025.0
565,The Paymaster 2025,other,26.0
565,Idle 6th or 7th Day,other,4.0
565,Overtime: Maximum 4 hours at 1.5x during each 24-hour period running from 8,overtime_rate,30.0
565,Any day including holidays,holiday_bonus,4.0
566,©1987,other,2025.0
566,The Paymaster 2025,other,26.0
567,©1987,other,2025.0
567,The Paymaster 2025,other,26.0
568,©1987,other,2025.0
568,The Paymaster 2025,other,26.0
569,©1987,other,2025.0
569,The Paymaster 2025,other,26.0
570,©1987,other,2025.0
570,The Paymaster 2025,other,26.0
571,©1987,other,2025.0
571,The Paymaster 2025,other,26.0
572,©1987,other,2025.0
572,The Paymaster 2025,other,26.0
572,Distant Hires,other,4.0
573,©1987,other,2025.0
573,The Paymaster 2025,other,26.0
573,Any day including holidays,holiday_bonus,4.0
574,©1987,other,2025.0
574,The Paymaster 2025,other,26.0
575,©1987,other,2025.0
575,The Paymaster 2025,other,26.0
575,New and Existing 1-Hour Series,other,3.0
576,©1987,other,2025.0
576,The Paymaster 2025,other,26.0
576,"Shooting Within the Jurisdiction of this Agreement but Outside NY, NJ and CT",other,4.0
577,©1987,other,2025.0
577,The Paymaster 2025,other,26.0
578,©1987,other,2025.0
578,The Paymaster 2025,other,26.0
579,©1987,other,2025.0
579,The Paymaster 2025,other,26.0
580,©1987,other,2025.0
580,The Paymaster 2025,other,26.0
581,©1987,other,2025.0
581,The Paymaster 2025,other,26.0
581,Theatrical and Television: Dailies (Distant Hires Only) / Weeklies,other,8.0
581,Idle 6th or 7th Day,other,4.0
582,©1987,other,2025.0
582,The Paymaster 2025,other,26.0
582,*Living allowance for Nearby Hires,other,420.0
583,©1987,other,2025.0
583,The Paymaster 2025,other,26.0
584,©1987,other,2025.0
584,The Paymaster 2025,other,26.0
585,©1987,other,2025.0
585,The Paymaster 2025,other,26.0
586,©1987,other,2025.0
586,The Paymaster 2025,other,26.0
586,Idle 7th day only,other,6.0
587,©1987,other,2025.0
587,The Paymaster 2025,other,26.0
587,Notice by 6,other,0.0
587,no later than 8,other,0.0
587,will be cancelled and the employee is notified of the cancellation before 8,other,0.0
587,"""Set to set"" Living allowance",other,315.0
588,©1987,other,2025.0
588,The Paymaster 2025,other,26.0
589,©1987,other,2025.0
589,The Paymaster 2025,other,26.0
590,©1987,other,2025.0
590,The Paymaster 2025,other,26.0
590,SCHEDULE D,other,1.0
590,SCHEDULE E,other,1.0
591,©1987,other,2025.0
591,The Paymaster 2025,other,26.0
591,Schedule D,other,2.0
591,Schedule E,other,2.0
591,Minimum call,other,8.0
591,Minimum call,other,8.0
592,©1987,other,2025.0
592,The Paymaster 2025,other,26.0
592,0,other,8.0
592,8,other,12.0
592,12,other,14.0
592,14,other,15.0
592,0,other,8.0
592,8,other,12.0
592,12,other,14.0
592,14,other,15.0
593,©1987,other,2025.0
593,The Paymaster 2025,other,26.0
593,Inside Corridor,other,10.0
594,©1987,other,2025.0
594,The Paymaster 2025,other,26.0
595,©1987,other,2025.0
595,The Paymaster 2025,other,26.0
595,Daily Rest Period,other,10.0
596,©1987,other,2025.0
596,The Paymaster 2025,other,26.0
596,Must occur 3,other,6.0
597,©1987,other,2025.0
597,The Paymaster 2025,other,26.0
597,• Basic Cable Productions,other,2.0
598,©1987,other,2025.0
598,The Paymaster 2025,other,26.0
599,©1987,other,2025.0
599,The Paymaster 2025,other,26.0
600,©1987,other,2025.0
600,The Paymaster 2025,other,26.0
601,©1987,other,2025.0
601,The Paymaster 2025,other,26.0
602,©1987,other,2025.0
602,The Paymaster 2025,other,26.0
603,©1987,other,2025.0
603,The Paymaster 2025,other,26.0
603,6th or 7th Day Idle,other,4.0
604,©1987,other,2025.0
604,The Paymaster 2025,other,26.0
604,3/3/2024,other,2.0
604,3/2/2025,other,2.0
604,3/3/2024,other,2.0
604,3/2/2025,other,2.0
604,3/3/2024,other,3.0
604,3/2/2025,other,2.0
605,©1987,other,2025.0
605,The Paymaster 2025,other,26.0
606,©1987,other,2025.0
606,The Paymaster 2025,other,26.0
607,©1987,other,2025.0
607,The Paymaster 2025,other,26.0
608,©1987,other,2025.0
608,The Paymaster 2025,other,26.0
608,(call prior to 7,other,0.0
608,(if not dismissed by 7,other,0.0
609,©1987,other,2025.0
609,The Paymaster 2025,other,26.0
609,Idle 6th or 7th Day,other,4.0
610,©1987,other,2025.0
610,The Paymaster 2025,other,26.0
611,©1987,other,2025.0
611,The Paymaster 2025,other,26.0
612,©1987,other,2025.0
612,The Paymaster 2025,other,26.0
612,Effective,other,3.0
612,Breakfast,other,14.0
612,Lunch,other,21.0
612,Dinner,other,35.0
612,Total Per Diem,per_diem,70.0
612,Idle 6th or 7th Day,other,4.0
613,©1987,other,2025.0
613,The Paymaster 2025,other,26.0
614,©1987,other,2025.0
614,The Paymaster 2025,other,26.0
615,©1987,other,2025.0
615,The Paymaster 2025,other,26.0
616,©1987,other,2025.0
616,The Paymaster 2025,other,26.0
617,©1987,other,2025.0
617,The Paymaster 2025,other,26.0
617,hour or half hour at or after 5,other,0.0
617,"in effect, or when it is not in effect at or after 6",other,0.0
617,4,other,0.0
617,4,other,0.0
617,Lunch,other,3.0
618,©1987,other,2025.0
618,The Paymaster 2025,other,26.0
618,The Span,other,1.0
618,ordered out prior to 7,other,0.0
618,work past the hour of 7,other,0.0
618,18-Dec,other,22.0
618,29-Oct,other,23.0
618,3-Nov,other,24.0
619,©1987,other,2025.0
619,The Paymaster 2025,other,26.0
619,9/29/2024,other,9.0
619,9/28/2025,other,10.0
619,9/29/2024,other,9.0
619,9/28/2025,other,10.0
619,Breakfast,other,12.5
619,Lunch,other,17.5
619,Dinner,other,25.0
620,©1987,other,2025.0
620,The Paymaster 2025,other,26.0
621,©1987,other,2025.0
621,The Paymaster 2025,other,26.0
622,©1987,other,2025.0
622,The Paymaster 2025,other,26.0
622,9/29/2024,other,9.0
622,9/28/2025,other,10.0
622,9/29/2024,other,9.0
622,9/28/2025,other,10.0
622,9/29/2024,other,9.0
622,9/28/2025,other,10.0
623,©1987,other,2025.0
623,The Paymaster 2025,other,26.0
623,9/29/2024,other,9.0
623,9/28/2025,other,10.0
623,9/29/2024,other,9.0
623,9/28/2025,other,10.0
623,9/29/2024,other,9.0
623,9/28/2025,other,10.0
624,©1987,other,2025.0
624,The Paymaster 2025,other,26.0
624,9/29/2024,other,9.0
624,9/28/2025,other,10.0
625,©1987,other,2025.0
625,The Paymaster 2025,other,26.0
625,Call begins 8,other,0.0
626,©1987,other,2025.0
626,The Paymaster 2025,other,26.0
626,"Designer who, having commenced work on the previous day, continues to work past 1",other,0.0
627,©1987,other,2025.0
627,The Paymaster 2025,other,26.0
628,©1987,other,2025.0
628,The Paymaster 2025,other,26.0
629,©1987,other,2025.0
629,The Paymaster 2025,other,26.0
629,Any day including holidays,holiday_bonus,4.0
630,©1987,other,2025.0
630,The Paymaster 2025,other,26.0
631,©1987,other,2025.0
631,The Paymaster 2025,other,26.0
632,©1987,other,2025.0
632,The Paymaster 2025,other,26.0
633,©1987,other,2025.0
633,The Paymaster 2025,other,26.0
634,©1987,other,2025.0
634,The Paymaster 2025,other,26.0
635,©1987,other,2025.0
635,The Paymaster 2025,other,26.0
636,©1987,other,2025.0
636,The Paymaster 2025,other,26.0
637,©1987,other,2025.0
637,The Paymaster 2025,other,26.0
638,©1987,other,2025.0
638,The Paymaster 2025,other,26.0
639,©1987,other,2025.0
639,The Paymaster 2025,other,26.0
640,©1987,other,2025.0
640,The Paymaster 2025,other,26.0
641,©1987,other,2025.0
641,The Paymaster 2025,other,26.0
642,©1987,other,2025.0
642,The Paymaster 2025,other,26.0
643,©1987,other,2025.0
643,The Paymaster 2025,other,26.0
644,©1987,other,2025.0
644,The Paymaster 2025,other,26.0
645,©1987,other,2025.0
645,The Paymaster 2025,other,26.0
646,©1987,other,2025.0
646,The Paymaster 2025,other,26.0
647,©1987,other,2025.0
647,The Paymaster 2025,other,26.0
648,©1987,other,2025.0
648,The Paymaster 2025,other,26.0
649,©1987,other,2025.0
649,The Paymaster 2025,other,26.0
650,©1987,other,2025.0
650,The Paymaster 2025,other,26.0
651,©1987,other,2025.0
651,The Paymaster 2025,other,26.0
652,©1987,other,2025.0
652,The Paymaster 2025,other,26.0
653,©1987,other,2025.0
653,The Paymaster 2025,other,26.0
653,9/29/2024,other,9.0
654,©1987,other,2025.0
654,The Paymaster 2025,other,26.0
655,©1987,other,2025.0
655,The Paymaster 2025,other,26.0
656,©1987,other,2025.0
656,The Paymaster 2025,other,26.0
657,©1987,other,2025.0
657,The Paymaster 2025,other,26.0
657,09/29/2024,other,9.0
658,©1987,other,2025.0
658,The Paymaster 2025,other,26.0
658,09/29/2024,other,9.0
658,Seasons 1+,other,100.0
658,Seasons 1+,other,100.0
659,©1987,other,2025.0
659,The Paymaster 2025,other,26.0
659,09/29/2024,other,9.0
659,Seasons 2+,other,100.0
659,Season 2,other,50.0
659,Seasons 3+,other,100.0
659,Season 2,other,50.0
659,Seasons 3+,other,100.0
659,Seasons 1+,other,100.0
660,©1987,other,2025.0
660,The Paymaster 2025,other,26.0
660,09/29/2024,other,9.0
660,Season 2,other,50.0
660,Seasons 3+,other,100.0
660,Season 2,other,50.0
660,Seasons 3+,other,100.0
661,©1987,other,2025.0
661,The Paymaster 2025,other,26.0
662,©1987,other,2025.0
662,The Paymaster 2025,other,26.0
663,©1987,other,2025.0
663,The Paymaster 2025,other,26.0
664,©1987,other,2025.0
664,The Paymaster 2025,other,26.0
665,©1987,other,2025.0
665,The Paymaster 2025,other,26.0
665,o Season 2,other,50.0
665,o Seasons 3+,other,100.0
665,o Season 2,other,50.0
665,o Seasons 3+,other,100.0
665,o Seasons 2+,other,100.0
666,©1987,other,2025.0
666,The Paymaster 2025,other,26.0
666,o Season 2,other,50.0
666,o Seasons 3+,other,100.0
666,o Season 2,other,50.0
666,o Seasons 3+,other,100.0
666,Seasons 1+,other,100.0
666,Seasons 1+,other,100.0
666,o Season 2,other,50.0
666,o Seasons 3+,other,100.0
666,Seasons 1+,other,100.0
667,©1987,other,2025.0
667,The Paymaster 2025,other,26.0
667,Seasons 1+,other,100.0
667,Seasons 1+,other,100.0
668,©1987,other,2025.0
668,The Paymaster 2025,other,26.0
668,Season 2,other,50.0
668,Seasons 3+,other,100.0
668,Season 2,other,50.0
668,Seasons 3+,other,100.0
669,©1987,other,2025.0
669,The Paymaster 2025,other,26.0
670,©1987,other,2025.0
670,The Paymaster 2025,other,26.0
671,©1987,other,2025.0
671,The Paymaster 2025,other,26.0
672,©1987,other,2025.0
672,The Paymaster 2025,other,26.0
673,©1987,other,2025.0
673,The Paymaster 2025,other,26.0
673, Season 2,other,50.0
673, Seasons 3+,other,100.0
673, Season 2,other,50.0
673, Seasons 3+,other,100.0
673, Season 2,other,50.0
673, Seasons 3+,other,100.0
673,Season 2,other,50.0
673,Seasons 3+,other,100.0
674,©1987,other,2025.0
674,The Paymaster 2025,other,26.0
674, Seasons 1+,other,100.0
674,Season 2,other,50.0
674,Seasons 3+,other,100.0
674,Season 2,other,50.0
674,Seasons 3+,other,100.0
675,©1987,other,2025.0
675,The Paymaster 2025,other,26.0
675, Seasons 1+,other,100.0
675, Seasons 1+,other,100.0
676,©1987,other,2025.0
676,The Paymaster 2025,other,26.0
677,©1987,other,2025.0
677,The Paymaster 2025,other,26.0
678,©1987,other,2025.0
678,The Paymaster 2025,other,26.0
678,including 20,other,35.0
679,©1987,other,2025.0
679,The Paymaster 2025,other,26.0
680,©1987,other,2025.0
680,The Paymaster 2025,other,26.0
681,©1987,other,2025.0
681,The Paymaster 2025,other,26.0
682,©1987,other,2025.0
682,The Paymaster 2025,other,26.0
683,©1987,other,2025.0
683,The Paymaster 2025,other,26.0
684,©1987,other,2025.0
684,The Paymaster 2025,other,26.0
684,"Half-hour multi-camera series, including all 20",other,35.0
684,"Half-hour single camera series, including all 20",other,35.0
684,"One-hour series, including all 36",other,65.0
685,©1987,other,2025.0
685,The Paymaster 2025,other,26.0
686,©1987,other,2025.0
686,The Paymaster 2025,other,26.0
687,©1987,other,2025.0
687,The Paymaster 2025,other,26.0
688,©1987,other,2025.0
688,Example 1,other,33.0
688,2025,other,2026.0
688,Example 1,other,33.0
689,©1987,other,2025.0
689,2025,other,2026.0
